Registro,Dispositivo,Fecha de nacimiento,G√©nero,¬øQu√© tan satisfecho est√° con su vida actualmente?,¬øHasta qu√© punto siente que las cosas que hace en su vida diaria valen la pena?,"<b>Pensando en tu bienestar emocional, ¬øqu√© tan feliz o ansioso(a) te sentiste ayer?</b>",<b>¬øQu√© aspecto cambiar√≠as en Tulu√° para mejorar tu bienestar y el de los dem√°s?</b>,¬øMejorar√≠as algo en tu Barrio?,¬øEn que barrio resides y que har√≠as para mejorarlo?,Duraci√≥n
2024-10-23 19:00:18,phone,1976-03-08,female,8,10,Feliz,M√°s oportunidades para ni√±os y j√≥venes,SI,"Albernia, camaras de vigilancia",02:22
2024-10-23 18:39:37,phone,2003-06-09,female,10,10,Neutral,,,,00:36
2024-10-23 16:44:00,phone,1958-04-16,male,8,8,Muy ansioso,Colocar luces a la cancha de f√∫tbol en el barrio el Bosque y colocar m√°s seguridad.,,,01:40
2024-10-23 16:22:04,phone,1995-12-31,male,5,4,Un poco ansioso,Campa√±as de estudio para todos en distintas ramas y oportunidades laborales para los j√≥venes,,,01:05
2024-10-23 15:52:44,phone,1974-10-29,female,10,,Neutral,Inseguridad,,,00:35
2024-10-23 15:29:14,phone,1983-06-23,female,7,8,Un poco ansioso,La inseguridad,,,01:18
2024-10-23 15:14:14,phone,1991-03-04,female,6,7,Un poco ansioso,"Mi trabajo, quiero un trabajo con mejor salario",,,00:49
2024-10-23 13:46:34,computer,1988-02-29,male,10,10,Feliz,,,,00:50
2024-10-23 12:03:46,phone,1991-04-15,male,7,10,Feliz,M√°s inversi√≥n en lo social educaci√≥n recreaci√≥n y bienestar adem√°s de empleo,,,01:13
2024-10-23 09:42:41,phone,2008-02-10,male,0,0,Temo por mi vida,El Alcalde,,,00:43
2024-10-23 09:16:38,phone,1955-03-31,male,8,8,Neutral,De seguridad,,,02:54
2024-10-23 07:52:17,phone,1977-08-31,male,10,10,Muy Feliz,"Recuperaci√≥n de muchos andenes y calles en toda la ciudad. Construcci√≥n de andenes sobre la recta ente la piscina ol√≠mpica y los olivos. Se√±alizaci√≥n de las v√≠as, hace mucha falta. La contunuacion de la calle que va desde la Herradura hasta el paso nivel de la calle 25 con  proyecto actual de calles",,,08:29
2024-10-23 06:52:53,phone,1973-12-10,male,8,10,Feliz,"Seguridad, oportunidades para los j√≥venes",,,05:25
2024-10-23 02:07:29,phone,1972-04-21,female,7,7,Neutral,La inseguridad,,,02:50
2024-10-23 01:09:42,phone,1991-09-19,female,8,9,Neutral,"Mejoramiento de la econom√≠a y seguridad, que la gente no tenga miedo a invertir en Tulua y a apoyar el comercio local",,,04:25
2024-10-22 23:46:44,phone,2002-02-12,female,3,4,Un poco ansioso,Me gustar√≠a que hubieran lugares m√°s iluminados y m√°s acompa√±amiento polic√≠al en bosques yde Maracaibo,,,02:30
2024-10-22 22:00:46,phone,1987-02-07,female,0,0,Temo por mi vida,"La inseguridad, desigualdad, desempleo, falta de oportunidades, la violencia, el maltrato animal",,,02:25
2024-10-22 21:50:57,phone,1966-08-15,male,3,5,Temo por mi vida,"Oportunidad de empleo, que no saquen los trabajadores por cambio de administraci√≥n, lo e vivido dos veces y es lo peor.",,,01:52
2024-10-22 21:42:27,phone,1975-07-23,female,4,4,Neutral,"La extorsi√≥n, los huecos sobre todo los de centroaguas q no tapan buen y nadie dice nada , la corrupci√≥n de los gobernantes, la falta de oportunidades",,,02:51
2024-10-22 20:36:36,phone,1968-05-04,male,,3,Temo por mi vida,,,,00:49
2024-10-22 20:12:16,phone,1963-04-08,male,1,3,Un poco ansioso,Gue degen trab√°jar lgente enlascalles esomuebe el Pueblo porgue hitrbajo paratodo mundoo yaiplata Paratodos,,,05:47
2024-10-22 19:01:23,computer,1954-11-12,female,8,8,Feliz,"LA SEGURIDAD , AUNQUE HA MEJORADO",,,01:27
2024-10-22 18:28:33,phone,1966-09-17,female,9,9,Neutral,"M√°s Seguridad para nuestras Vidas, porque lamentablemente el pueblo que nos ha visto nacer es algo invisibleüò¢ Que la canasta familiar y los servicios que debemos pagar si o si sean m√°s accesibles para todos‚Ä¶",,,03:24
2024-10-22 18:22:04,phone,1980-05-31,female,5,6,Neutral,"La seguridad ,ya que uno tiene ganas de progresar montar negocio pero la verdad da miedo",,,02:10
2024-10-22 16:39:55,phone,1974-10-06,female,7,7,Un poco ansioso,,,,01:24
2024-10-22 09:50:46,phone,1940-08-26,male,6,5,Neutral,Cambiar... No. Mejorar la educaci√≥n.,,,02:49
2024-10-22 04:51:09,phone,2005-08-08,female,8,5,Feliz,"Mi gustar√≠a que ayudar√°n m√°s a la comunidad, Y dieran m√°s empleo",,,01:46
2024-10-22 04:49:03,phone,1985-10-27,female,8,10,Temo por mi vida,Seguridad,,,01:08
2024-10-22 04:01:31,phone,1972-03-04,female,10,10,Un poco ansioso,Hacer las cosas bien en mi trabajo,,,00:49
2024-10-21 21:59:51,phone,1979-09-30,male,10,9,Neutral,Seguridad  y sin extorsi√≥n,,,01:22
2024-10-21 21:16:19,phone,1963-05-05,male,1,,Muy ansioso,,,,00:43
2024-10-21 20:50:43,phone,1961-09-07,female,3,3,Neutral,"M√°s ayuda al adulto mayor..recreaci√≥n,,apoyo..",,,02:05
2024-10-21 20:12:30,phone,1980-03-29,female,10,9,Un poco ansioso,La seguridad,,,00:42
2024-10-21 19:48:26,phone,1976-11-02,female,8,9,Feliz,"M√°s sitios de entretenimiento, centros comerciales con marcas novedosas, paseos ecol√≥gicos, etc.",,,01:41
2024-10-21 19:06:17,phone,1985-08-30,female,5,5,Muy ansioso,La seguridad y actividades deprotivas en todos los barrios para ni√±os y adultos,,,01:39
2024-10-21 18:45:14,phone,1981-09-04,male,3,5,Temo por mi vida,La seguridad,,,00:37
2024-10-21 18:19:37,phone,2000-04-10,male,8,6,Un poco ansioso,Seguridad,,,00:38
2024-10-21 17:11:33,phone,1966-09-06,female,8,9,Feliz,Cumplimiento de las normas de tr√°nsito,,,00:47
2024-10-21 16:10:48,phone,1997-06-07,male,7,7,Neutral,M√°s seguridad,,,00:49
2024-10-21 14:25:43,phone,1972-03-29,female,7,7,Feliz,Seguridad,,,00:33
2024-10-21 14:03:38,phone,1990-08-26,female,5,5,Muy ansioso,Trabajo estable,,,00:29
2024-10-21 13:58:46,phone,2023-05-24,male,7,8,Feliz,Dir√≠a que la seguridad,,,00:38
2024-10-21 13:44:53,phone,1990-08-10,male,0,0,Muy ansioso,"Que renuncie el se√±or Alcalde Gustavo V√©lez Rom√°n y toda su caterva de compinches incompetentes. Pusieron a la poblaci√≥n tulue√±a y al comercio como carne de ca√±on en su guerra personal, dejo claro que la Oficina es una banda de delincuentes y que les caiga todo el peso de la ley.",,,03:46
2024-10-21 12:45:17,phone,1993-11-12,male,5,8,Un poco ansioso,"Mejores oportunidades de trabajo, para tener una mejor vida",,,00:53
2024-10-21 12:41:22,phone,2000-07-04,female,8,10,Muy Feliz,"La seguridad, poder emprender sin miedo, poder salir sin miedo, poder encontrar m√°s desarrollo, que deje de parecer un pueblo y se parezca m√°s a una ciudad.",,,01:14
2024-10-21 11:49:48,phone,1998-01-26,female,5,3,Muy ansioso,La seguridad,,,00:30
2024-10-21 11:21:07,computer,1985-07-10,male,10,6,Neutral,mas aopyo a los comerciantes para que no se tenga que ir de tulu√° y atacar con mas fuerza a las bandas criminales,,,01:26
2024-10-21 09:44:26,phone,1956-11-02,male,7,9,Neutral,Lo m√°s importante seguridad con seguridad viene todo lo dem√°s y mejorar el servicio de salud,,,02:39
2024-10-21 09:20:13,phone,1981-06-05,female,8,10,Feliz,Mayor inversi√≥n social; no somos cemento ni vias.,,,01:04
2024-10-21 08:29:02,phone,1984-07-18,female,6,10,Muy ansioso,La seguridad tiene que mejorar en todos los aspectos y el abuso de los servicios p√∫blicos,,,02:56
2024-10-21 02:15:10,phone,1978-08-26,female,4,3,Un poco ansioso,Mejorar la seguridad y la din√°mica de la econom√≠a que se encuentra en decadencia.,,,00:54
2024-10-21 02:13:33,phone,1978-04-10,male,8,8,Temo por mi vida,Condiciones de ingreso y salida de mi barrio ejemplo pavimento y demarcaci√≥n cambiar aspecto deprimido del sector,,,01:55
2024-10-21 00:45:04,computer,1967-09-11,female,6,8,Un poco ansioso,"Arborizaci√≥n de las v√≠as, espacios p√∫blicos con frutales nativos, las altas temperaturas mortifican y enferman. La contaminaci√≥n auditiva mejorar. Actividad cultural, acceso a la educaci√≥n de calidad y sobre todo empleo para la gente",,,03:50
2024-10-20 23:25:29,phone,1982-05-16,female,6,6,Un poco ansioso,Faltan m√°s actividades culturales y deportivas gratuitas para toda la comunidad,,,00:44
2024-10-20 23:19:51,phone,1965-09-06,male,0,,Neutral,Que hayan m√°s sitios como cl√≠nicas oficinas y sitios bancarios con unas buenas rampas para nosotros las personas en condici√≥n de discapacidad,,,03:30
2024-10-20 23:03:23,phone,1968-12-02,female,10,10,Neutral,Haya seguridad.,,,01:28
2024-10-20 22:54:16,phone,1951-10-06,male,9,9,Muy Feliz,Que la administraci√≥n municipal fortalezca al campo,,,02:38
2024-10-20 22:44:15,phone,1955-04-16,male,8,,Feliz,La recuperaci√≥n econ√≥mica y social,,,00:27
2024-10-20 22:07:31,phone,1954-11-11,female,,,Un poco ansioso,La falta de pertenencia de algunase personas ydel go ierno municipal.,,,01:31
2024-10-20 20:11:33,phone,1986-07-31,female,7,8,Feliz,Super bien,,,00:34
2024-10-20 18:57:38,phone,1962-10-15,male,6,3,Un poco ansioso,Seguridad,,,01:40
2024-10-20 17:40:58,phone,1956-04-17,male,8,10,Feliz,Mejorar la presencia de las autoridades en todos los aspectos,,,02:03
2024-10-20 17:18:08,phone,1975-07-02,female,8,10,Feliz,Las extorsiones,,,01:18
2024-10-20 11:03:27,phone,1955-10-07,male,10,10,Muy Feliz,La seguridad,,,01:07
2024-10-20 11:02:49,phone,1970-03-28,male,5,3,Un poco ansioso,M√°s seguridad,,,00:59
2024-10-20 10:34:45,phone,2010-07-20,female,7,7,Neutral,Seguridad,,,01:13
2024-10-20 10:33:57,phone,1970-10-19,female,9,10,Feliz,Mejorar la seguridad,,,01:15
2024-10-20 10:19:26,phone,1969-07-30,female,10,10,Muy Feliz,"La seguridad, la falta de cultura ciudadana con las basuras y con el cumplimientobde las normas de transito",,,02:13
2024-10-20 01:38:27,phone,1967-09-04,male,6,7,Muy ansioso,Lo cultural y la recreaci√≥n,,,02:17
2024-10-20 01:33:19,phone,1964-05-30,male,8,9,Neutral,La corrupcion,,,00:47
2024-10-19 23:28:36,phone,1949-09-09,male,7,10,Un poco ansioso,Seguridad,,,01:04
2024-10-19 22:39:58,phone,1991-03-04,female,9,10,Muy Feliz,"Que nos entreguen los lotes de Terranova que el alcalde actual se gast√≥ la plata y se olvid√≥ de su pueblo. La seguridad, generaci√≥n de empleo, arreglo de v√≠as y apoyo de la alcald√≠a",,,03:36
2024-10-19 21:01:56,phone,1980-01-17,female,4,7,Un poco ansioso,Que hicieran una calle de rumb paradultosnuna viejotec para conocer gente compartir exoeriencias,,,00:55
2024-10-19 20:28:54,phone,1977-11-20,female,6,6,Neutral,M√°s entretenimiento..,,,01:04
2024-10-19 19:03:46,phone,1962-08-20,male,8,8,Feliz,"La corrupci√≥n, intereses personales de los alcaldes, la falta de compromiso del servicio a la comunidad, el abandono de v√≠as y parques.",,,04:54
2024-10-19 18:23:24,phone,1977-02-22,female,8,7,Un poco ansioso,"Ante todo su seguridad, y m√°s oportunidades de empleo",,,01:11
2024-10-19 18:17:30,phone,1955-07-28,female,10,10,Feliz,La seguridad,,,00:38
2024-10-19 17:35:11,phone,1961-03-05,female,10,10,Muy Feliz,"M√°s oportunidades de laborar para el adulto mayor de 60. Sistema de salud. Estratificaci√≥n en barrios, donde las casas est√°n rodeadas de talleres mec√°nicos, casa de cita, bebederos y manejan estrato 3. En calle 18 con cra 28 A seguridad peatonal. Rebajar tarifa de Barrido de calle y alumbrado. ü§ù",,,09:44
2024-10-19 17:08:35,phone,1973-10-17,male,9,10,Feliz,En lo f√≠sico las v√≠as internas en la ciudad est√°n tanto el deterioro de ellas.  Plantar√≠a flores en las entradas a nuestro municipio jardines se puede hacer  Con respecto a las personas tratar√≠a de armonizar y generar sentido de pertenencia en cada uno de los habitantes de nuestro municipio,,,02:36
2024-10-19 14:44:31,phone,1988-02-08,female,6,6,Un poco ansioso,La violencia que consigo a trsido desempleo,,,00:55
2024-10-19 13:55:18,phone,1989-06-05,female,9,9,Neutral,"Aumentar la seguridad, que se entregue el proyecto de Terranova liderado por la alcald√≠a e infitulua pues hace 5 a√±os que est√°n en mora de responder a los ciudadanos que invertimos all√≠",,,01:33
2024-10-19 12:31:06,phone,1979-08-15,female,,3,Temo por mi vida,"La delincuencia,la extorsi√≥n, q conllevan a pobreza y ambre",,,01:00
2024-10-19 11:17:25,phone,1985-02-26,male,10,9,Muy Feliz,Que renuncie el inepto del alcalde que no sirve pa un culo,,,00:38
2024-10-19 09:39:11,phone,1974-10-17,female,9,9,Neutral,La inseguridad,,,01:03
2024-10-19 08:02:02,phone,1962-12-20,male,7,9,Un poco ansioso,"La seguridad, creo que es algo que deve cambiar por el bien de todos",,,02:14
2024-10-19 02:48:27,phone,1962-04-04,female,10,10,Feliz,Taparia las calles rotas,,,01:33
2024-10-19 01:50:42,phone,1991-09-19,female,5,6,Temo por mi vida,"Que esa pregunta sobra, la seguridad en Tulu√° est√° p√©sima, se tiraron la cuidad, el comercio ...todo est√° carisimo es el colmo ..tantos a√±os de trabajo y estamos viendo empresas cerrar todos los d√≠as ...es una presi√≥n psicol√≥gica , es muy triste ver la cara de las personas de preocupaci√≥n .el se√±or‚ù§",,,02:45
2024-10-19 01:41:48,phone,1955-04-16,male,8,10,Feliz,Inversi√≥n y recuperaci√≥n de centro de comercializaci√≥n y prestaci√≥n de servicios,,,00:52
2024-10-19 00:45:36,phone,1998-10-23,female,10,10,Feliz,La seguridad para la ciudadan√≠a y los empresarios independientes,,,01:11
2024-10-19 00:44:35,phone,1991-05-31,female,9,10,Feliz,"La seguridad, la tolerancia, el respeto por el peaton, crear cultura.",,,03:31
2024-10-18 23:23:59,phone,1960-07-15,male,1,,Feliz,Trabajo es dif√≠cil para los de la tercera edad,,,01:36
2024-10-18 22:34:04,phone,1990-09-04,female,5,6,Un poco ansioso,La seguridad y la movilidad,,,00:36
2024-10-18 21:47:54,phone,1978-01-24,female,6,6,Neutral,que los j√≥venes que consuman sus drogas no lo hagan en los parques qu√© est√°n los ni√±os jugando.hacer mas programas culturales  en los barrios para entretener y hacer propaganda . en las escuelas hacer mas actividades con los ni√±os .en diciembre la calle Sarmiento cerrar para poder andar tranquilos.,,,10:40
2024-10-18 21:04:32,phone,1971-03-28,female,5,7,Un poco ansioso,"Que todos puedan trabajar tranquilos, m√°s empleo,m√°s posibilidades de progreso, Tulu√° no ofrece planes de vivienda",,,03:55
2024-10-18 20:14:31,phone,1974-06-11,female,10,10,Neutral,Seguridad  Movilidad,,,01:36
2024-10-18 20:09:35,phone,1948-01-31,male,7,9,Feliz,Que se arreglen las calles de la ciudad,,,02:21
2024-10-18 19:35:12,phone,1991-11-13,female,10,10,Temo por mi vida,M√°s seguridad,,,00:29
2024-10-18 17:26:03,phone,1958-06-30,female,10,10,Un poco ansioso,Justicia,,,01:13
2024-10-18 17:07:02,phone,1968-07-22,female,9,10,Muy Feliz,M√°s portunidad de empleo para personas mayores,,,02:08
2024-10-18 16:50:52,phone,1954-10-09,male,8,8,Un poco ansioso,,,,00:55
2024-10-18 16:22:42,computer,1980-04-21,male,0,0,Muy ansioso,Fuentes de trabajo,,,00:35
2024-10-18 16:08:52,phone,1992-08-11,male,10,8,Neutral,La seguridad,,,00:30
2024-10-18 16:01:16,phone,1984-10-08,female,6,7,Neutral,Posible emprendimiento,,,00:47
2024-10-18 14:12:33,computer,1978-06-18,male,6,6,Un poco ansioso,Mejorar las medidas de seguridad y labores,,,13:33
2024-10-18 14:08:37,phone,1996-12-13,male,6,6,Muy ansioso,Que las personas tengan empleo y la seguridad social,,,00:55
2024-10-18 13:44:03,phone,1948-06-20,male,9,8,Feliz,Nada,,,01:25
2024-10-18 09:59:10,phone,1956-12-10,female,10,10,Feliz,Pues para mi que me paimentara mi calle 14 de el Barrio Villa Liliana y para todos la tranquilidad y el vienestar social y Economico y en la salud,,,05:05
2024-10-18 09:15:36,phone,1971-02-18,female,5,5,Neutral,Mejores opciones de empleos,,,03:38
2024-10-18 08:24:04,phone,1974-08-02,male,7,8,Feliz,"La seguridad y las vias, las v√≠as estan muy mal,  hay muchos huecos gigantescos en las periferias del centro, las compa√±√≠as que realizan algunas obras y hacen huecos en las vias,.los dejan mal arreglados y estos al.poco tiempo se transforman en baches q en algunas oportunidades ocasionan accidentes",,,03:57
2024-10-18 07:44:17,phone,1970-11-04,male,8,8,Feliz,La cultura de las personas,,,01:48
2024-10-18 02:44:19,phone,1965-09-24,female,5,10,Feliz,"La suciedad de las calles, los excrementos de los perros que las personas dejan tirados",,,01:59
2024-10-18 02:35:34,phone,1988-05-20,female,8,10,Muy Feliz,M√°s seguridad y m√°s parques para los ni√±os,,,01:02
2024-10-17 23:50:50,phone,1960-05-16,female,7,10,Neutral,El aspecto de las v√≠as veredales que con el verano generan demasiado polvo y con ello problemas respiratorios,,,02:22
2024-10-17 23:36:00,phone,1978-02-21,male,7,7,Neutral,Empleo,,,04:27
2024-10-17 23:18:03,phone,1956-01-19,male,9,9,Muy Feliz,La cultura ciudadana  recuperar√≠a con la mayor√≠a de las personas y recuperar la pues se ha perdido siiiii.se√±or,,,02:32
2024-10-17 23:05:29,phone,1966-09-05,female,10,10,Neutral,Hay mucho desorden de carros y motos ostaculisando las v√≠as de nuestra ciudad,,,03:45
2024-10-17 22:55:20,phone,1985-01-25,female,2,2,Muy ansioso,"La inseguridad,la corrupci√≥n,el abandono de mi ciudad",,,01:28
2024-10-17 22:35:35,phone,1980-05-07,female,8,8,Neutral,"Mas seguridad, oportunidades de empleo",,,01:17
2024-10-17 22:34:49,phone,1976-03-26,female,7,9,Un poco ansioso,"Me gustar√≠a que los carros y dem√°s veh√≠culos no se parquearan en las cebras,esquinas,ect, la gente parece que no le importar√° los dem√°s en nuestras calles y hacen lo que quieren,eso me molesta mucho",,,03:06
2024-10-17 22:28:00,phone,1981-01-15,female,8,7,Neutral,M√°s empleo estable,,,00:54
2024-10-17 21:26:17,phone,1960-12-03,male,10,10,Muy Feliz,La seguridad es lo √∫nico. Que los comerciantes puedan trabajar en paz,,,00:50
2024-10-17 21:04:36,phone,1942-06-08,male,2,,Temo por mi vida,,,,00:40
2024-10-17 20:26:38,phone,1972-10-19,female,8,10,Neutral,La inseguridad,,,00:58
2024-10-17 20:02:42,phone,1969-04-06,female,9,9,Neutral,Mejoramiento de vias Seguridad yempleo,,,01:53
2024-10-17 19:35:29,phone,2004-10-15,female,5,8,Neutral,La seguridad,,,02:14
2024-10-17 19:15:59,phone,1962-05-18,female,2,10,Un poco ansioso,La seguridad,,,00:54
2024-10-17 18:47:39,phone,1983-08-21,female,6,6,Un poco ansioso,A nivel de seguridad,,,03:05
2024-10-17 18:40:52,phone,1977-01-28,female,10,6,Neutral,Mejorar la salud,,,02:07
2024-10-17 16:58:54,phone,1979-02-17,female,6,6,Un poco ansioso,"La seguridad es primordial, no se puede tener un rato de esparcimiento sin miedo. Tambi√©n que den m√°s temas sociales , preventivos y que haya m√°s oportunidades laborales.",,,02:36
2024-10-17 14:29:22,phone,1974-04-05,female,7,10,Temo por mi vida,Mas.proteccion para los.habitantes m√°s humildes,,,01:34
2024-10-17 12:07:15,phone,1972-10-03,female,8,7,Neutral,Tranquilidad en el negocio.,,,00:58
2024-10-17 10:44:42,phone,1956-01-08,male,10,10,Muy Feliz,Un poco m√°s de seguridad.,,,00:34
2024-10-17 10:03:34,phone,1970-04-12,female,8,8,Feliz,"Seguridad, no m√°s extorsi√≥n, que dejen trabajar",,,01:31
2024-10-17 09:43:23,phone,1967-12-27,female,6,5,Un poco ansioso,"Aumentar la cultura ciudadana ( el tr√°fico es terrible, Aumentar las multas). Aumentar la seguridad (subcidiar vigilantes si no hay policias). Arreglar los parques que son sitios de relax y tertulia en los barrios.",,,03:41
2024-10-17 09:27:49,phone,1972-10-22,male,4,8,Un poco ansioso,"Seguridad, para que la econom√≠a se recupere.",,,01:04
2024-10-17 09:27:32,phone,1965-01-08,female,8,9,Feliz,,,,01:11
2024-10-17 09:15:53,phone,1960-10-12,female,8,10,Feliz,La inseguridad,,,01:38
2024-10-17 09:05:00,phone,1956-01-19,male,9,10,Muy Feliz,Qu√© aya m√°s seguridad y protecci√≥n para la ciudadan√≠a y qu√© veamos m√°s autoridades policiales en nuestras calles y comunas,,,03:14
2024-10-17 08:54:52,phone,1971-01-29,female,6,8,Un poco ansioso,Empleo no mirar la edad Dejar el monopolio en entidades para dar trabajo  Hacer programas de apoyo psicol√≥gico,,,03:49
2024-10-17 08:52:57,phone,1962-03-05,male,10,9,Feliz,Un alcalde que se preocupae relativamente por el bienestar de sus habitantes.,,,01:07
2024-10-17 08:50:15,phone,1961-05-02,female,6,8,Neutral,"Seguridad, disciplina y respet√≥",,,02:45
2024-10-17 08:47:07,phone,1975-03-18,female,7,8,Un poco ansioso,"Cambiar√≠a el aspecto del Parque del Sajonia (x donde vivo), lo volver√≠a un lugar que valga la pena disfrutar, espacios xa ni√±os, xa q los adultos hagan ejercicio o disfruten de la lectura y kioskos xa comidas.",,,02:26
2024-10-17 08:31:22,phone,1965-08-06,female,9,9,Neutral,"Las condiciones en que est√° nuestra zona sajonia, es triste el deterioro del parque, la invasi√≥n por parte de los indigentes que se han tomado nuestros andenes como dormitorios",,,03:16
2024-10-17 08:17:37,phone,1971-08-14,male,9,8,Neutral,La seguridad,,,00:44
2024-10-17 08:01:23,phone,1969-02-19,female,8,10,Feliz,Mejorar la educaci√≥n en ni√±os y adolescentes seguridad,,,01:41
2024-10-17 07:29:54,phone,1964-12-02,female,5,10,Neutral,La corrupci√≥n,,,01:09
2024-10-17 05:36:31,phone,1967-09-09,female,8,8,Neutral,Seguridad y baja de precios de los art√≠culos de primera necesidad.,,,02:05
2024-10-17 04:39:18,phone,1954-11-01,female,5,5,Un poco ansioso,"La inseguridad, la droga adiccion, la falta de valores en la juventud , la falta de interes en el estudio, los jovenes que prefieren matar antes que trabajar, los padres que no les interesa saber donde estan sus hijos, y actuan como se les olvido el temor a Dios, ver como se acabo la integridad .",,,21:59
2024-10-17 04:07:32,phone,1971-02-26,male,6,6,Neutral,,,,02:21
2024-10-17 03:01:04,phone,1972-06-07,female,10,10,Feliz,La seguridad,,,01:03
2024-10-17 02:04:26,phone,1983-03-12,female,5,7,Un poco ansioso,La limpieza de la ciudad hay mucho cambuche de habitantes de calle y zonas verdes descuidas,,,01:04
2024-10-17 01:31:23,phone,1984-05-04,male,7,8,Feliz,Errfffff,,,00:40
2024-10-17 01:04:01,phone,1982-01-13,female,10,10,Muy Feliz,Que cambie la seguridad de nuestra tulua y que cuiden los ni√±os no los manden solos a estudiar,,,01:15
2024-10-17 00:56:13,phone,1971-05-26,female,6,7,Neutral,"La seguridad, da miedo tener un negocio aqu√≠, o conseguir algo porque aqu√≠ reina la delincuencia",,,01:08
2024-10-17 00:51:35,phone,1952-10-06,male,10,9,Muy Feliz,"Que las decisiones del gobernante sean compartidas por sus concejales y que no act√∫e dictatorialmente, que repar√© las v√≠as y que por favor, haya m√°s vigilancia y protecci√≥n para la ciudadan√≠a,  que no se fustigue tanto por los impuestos y que se estimule el.pago de los mismos.",,,05:01
2024-10-17 00:51:28,phone,2009-02-19,male,4,9,Un poco ansioso,"Nuevos espacios p√∫blicos y remodelaci√≥n de los mismo, ciclorutas hacer un hermoso boulevard en el hermoso r√≠o Tulu√°, mejor limpieza en las calles, m√°s luces en las calles de noche que hay muchas zonas oscuras, centros culturales modernos, m√°s parques como el sacudete de Nari√±o",,,02:45
2024-10-17 00:47:42,phone,1961-12-02,male,0,,Neutral,movilidad vial,,,01:04
2024-10-17 00:45:27,phone,1980-10-30,female,5,3,Muy ansioso,Tranquilidad,,,00:45
2024-10-17 00:35:08,phone,1976-09-25,female,8,8,Neutral,"La seguridad, que no haya m√°s extorsion",,,00:47
2024-10-17 00:23:45,phone,1964-02-10,female,,8,Muy Feliz,,,,01:25
2024-10-17 00:11:05,phone,1977-01-21,female,7,10,Feliz,Seguir trabajando por la seguridad,,,00:48
2024-10-17 00:07:48,phone,1963-09-06,male,5,10,Feliz,"La seguridad, mejorar el embellecimiento en los parques, mejorar el parqueo de veh√≠culos en los andenes y el ocupamientondel espacio publico",,,02:47
2024-10-17 00:06:17,phone,1963-08-29,female,5,5,Neutral,"La corrupci√≥n, inseguridad, falta de oportunidades.",,,01:06
2024-10-16 23:59:49,phone,1968-08-17,female,10,10,Feliz,El trasnporte urbano,,,01:25
2024-10-16 23:56:55,phone,1948-12-24,male,10,10,Muy Feliz,"La inseguridad principalmente, que se permita que la gente pueda trabajar.",,,02:44
2024-10-16 23:53:42,phone,1960-05-18,male,,9,Feliz,La inseguridad y la corrucion en la alcaldia,,,05:15
2024-10-16 23:46:56,phone,1958-11-08,female,4,5,Muy ansioso,Los hogares geri√°tricos no son vigilados y en muchos maltratan a los ancianoa,,,01:37
2024-10-16 23:26:12,phone,1977-04-28,female,9,8,Neutral,Convivencia ciudadana,,,01:45
2024-10-16 23:05:11,phone,1958-02-03,male,8,8,Feliz,Orden tr√°nsito vehicular Seguridad,,,01:09
2024-10-16 22:53:54,phone,1968-11-16,male,10,9,Muy Feliz,Seguridad,,,00:37
2024-10-16 22:52:30,phone,1964-12-28,male,5,5,Muy ansioso,Que no haya m√°s derramamiento de sangre con sicariatos y extorsiones. Que no haya m√°s desapariciones de ni√±os y mujeres.,,,07:36
2024-10-16 22:41:25,phone,1968-06-10,male,6,6,Neutral,La seguridad,,,00:54
2024-10-16 22:36:11,phone,1972-10-18,female,2,10,Neutral,La seguridad  y m√°s oportunidades de  empleo,,,02:06
2024-10-16 22:33:49,phone,1953-10-27,male,,9,Neutral,"Se debe garantizar seguridaciudadana..y... Garantizar espacio de esparcimiento... En todos nuestros sectores, de tulua.patasu",,,03:15
2024-10-16 22:29:00,phone,1963-09-15,female,9,8,Feliz,"Mejorar las v√≠as p√∫blicas, castigo severo para los que infrinjan la ley, oportunidades de capacitaci√≥n para las personas como yo!!",,,02:20
2024-10-16 22:23:12,phone,1976-10-18,female,10,10,Feliz,"Mejorar las calles, retirar habitantes de calle, mayor seguridad",,,01:06
2024-10-16 22:14:51,phone,1977-11-15,male,8,7,Un poco ansioso,"Mejorar sitios de recreaci√≥n, lugares seguros, m√°s eventos para la gente",,,00:57
2024-10-16 22:07:35,phone,1971-01-19,female,7,8,Feliz,Seguridad y empleo,,,00:49
2024-10-16 21:54:48,phone,1960-01-21,female,4,4,Un poco ansioso,"Que all√° m√°s seguridad y ayuda para la persona adulta,  y que los servicios p√∫blicos no sean tan caros gracias",,,02:11
2024-10-16 21:42:46,phone,1955-05-11,male,10,10,Muy Feliz,Es necesario mejorar la seguridad de los parqu√©s y polideportivos. Construir espacios para que los adultos mayores puedan hacer ejercicios y tener monitores. Volver el parque Boyac√° un sitio para la familia y no una cloaca como est√° hoy. Embellecedor e iluminar el ingreso a la ciudad .,,,15:38
2024-10-16 21:31:33,phone,1999-12-29,female,10,10,Feliz,El alcalde desde que el est√° no tenemos tranquilidad,,,00:48
2024-10-16 21:17:39,phone,1985-01-05,male,9,8,Muy Feliz,El desempleo,,,00:32
2024-10-16 21:16:12,phone,1986-04-22,female,9,8,Feliz,La seguridad y la tolerancia,,,00:42
2024-10-16 20:41:40,phone,1971-07-10,male,9,9,Feliz,"El control de los imprudentes en los sem√°foros que se pasan en rojo, hay sistemas internacionales que hacen que el veh√≠culo se detenga en rojo o se pueden chuzar las llantas y el control de la inseguridad aunque ya se ha reducido un poco la inseguridad pero falta todav√≠a",,,02:57
2024-10-16 13:27:44,phone,1995-06-01,male,5,5,Neutral,"Para mejorar la ciudad de Tulu√° y convertirla en un lugar m√°s seguro, tranquilo y con mejores oportunidades, es fundamental enfocarse en varios aspectos clave. Primero, es necesario fortalecer la seguridad a trav√©s de una mayor presencia policial y programas de prevenci√≥n, asegurando as√≠ la tranquil",,,03:45
2024-10-16 13:25:50,phone,1953-10-27,male,9,10,Muy Feliz,"Mejorar lugares, de bienestar social. En todos los, sectores, del municipio... Y construir donde no l o los tenga la comunidad",,,02:14
2024-10-16 13:15:51,phone,1967-06-16,female,5,10,Feliz,Empleos para recibir ingresos y mejorar la calidad de vida de los tulue√±os,,,01:49
2024-10-16 12:06:21,phone,1981-12-04,male,5,3,Un poco ansioso,Generar m√°s empleo para que tengamos ingresos para nuestros hogares,,,02:44
2024-10-16 11:56:17,phone,1953-08-04,female,9,10,Feliz,Que haya seguridad para salir en las horas de la noche,,,02:01
2024-10-16 11:47:26,phone,1978-03-17,female,10,10,Feliz,Inseguridad Fundaci√≥n para los habitantes de calle Empleo,,,04:01
2024-10-16 11:40:01,phone,1969-09-17,female,6,8,Neutral,Erradicar los Gota gotas de Tulu√°. Son una amenaza para las personas,,,05:16
2024-10-16 11:21:46,phone,1966-04-28,female,6,,Un poco ansioso,Relaci√≥n humanos y animales,,,01:47
2024-10-16 10:32:22,phone,1947-06-24,female,10,10,Feliz,Educaci√≥n en tr√°nsito ofrecida por expertos y tomar las sanciones en el manejo de bicis..motos  taxis y en lo personal,,,02:11
2024-10-16 10:17:56,phone,1984-12-20,female,5,7,Un poco ansioso,"Que el transporte p√∫blico mejore su cobertura, horarios y que el domingo tengan transbordos.",,,01:12
2024-10-16 09:58:08,phone,1989-12-28,female,6,8,Neutral,"Mejor se√±alizaci√≥n en las calles, mejor infraestructura y que mejore el tema de seguridad",,,01:06
2024-10-16 09:47:08,phone,1993-01-30,male,10,10,Feliz,"Necesitamos que Tulu√° vuelva a enamorar, vuelva a generar empleo, ver m√°s espacios como parques para compartir con familia",,,00:59
2024-10-16 09:46:33,phone,1968-12-15,female,2,1,Temo por mi vida,Mas oportunidades de trabajo educacion para no llegar a tanta violencia que vivimos.muerte desplazamiento estorcion tanto en la ciudad como en la monta√±a,,,02:36
2024-10-16 09:46:23,phone,1971-11-16,female,10,9,Un poco ansioso,La seguo,,,01:22
2024-10-16 09:46:05,phone,1954-01-10,male,7,9,Feliz,El orden y la cultura ciudadana,,,01:35
2024-10-16 09:24:14,phone,1967-03-18,female,8,8,Muy Feliz,Le dieran trabajo a los de la 3ra edad muchos necesitan,,,02:01
2024-10-13 16:28:37,phone,1969-06-15,female,5,5,Feliz,"La inseguridad, las extorsiones. La falta de empresas que generen empleo. Y la fslta de amor por lo nuestro. Va para quienes manejan y gobiernan la ciudad. El robo desde lo mismos gobernantes. El desvio de dineros de las arcas municipales. Se debe pensar con sentido comun y amor de pertenencia.",,,03:39
2024-10-13 15:11:59,phone,1972-03-04,female,10,10,Muy Feliz,La economia,,,00:52
2024-10-13 13:16:28,phone,1969-11-21,female,5,5,Un poco ansioso,Seguridad y una ciudad m√°s aseada..,,,02:44
2024-10-13 07:04:04,phone,1978-06-30,female,10,10,Muy Feliz,"Que se acaben los robos y asesinatos, que no tiren basuras a las calles, que los alcaldes pavimenten todas las calles de Tulu√°,  que prohiban la m√∫sica a altos volumen....",,,02:37
2024-10-11 11:43:52,phone,1969-11-30,female,5,10,Muy Feliz,M√°s ayuda para los animales,,,00:42
2024-10-11 10:58:00,phone,1965-10-23,male,8,8,Feliz,"Mejorar el entorno del hospital Rub√©n Cruz V√©lez, instalar maquinas de ejercicio en el parque de la cultura del barrio Rub√©n Cruz",,,03:46
2024-10-11 10:13:09,phone,1965-12-06,female,7,8,Feliz,La inseguridad y m√°s fuentes de empleo,,,02:03
2024-10-11 08:49:03,phone,1955-03-08,female,2,,Un poco ansioso,La inseguridad,,,00:53
2024-10-11 08:47:10,phone,1955-10-04,male,,9,Muy Feliz,Que los cuadrantes de la ponal est√©n m√°s activos x ac√° x villa Liliana casi no se ven,,,02:21
2024-10-11 08:12:55,phone,1974-05-15,female,8,8,Feliz,La seguridad,,,00:51
2024-10-10 09:50:43,phone,1965-09-22,male,10,10,Muy Feliz,"Fortalecer m√°s la seguridad, mejorar la se√±alizaci√≥n y trabajar m√°s en recuperar algunos lugares que se han tomado los habitantes en calle",,,03:46
2024-10-10 09:12:53,phone,1969-07-30,female,10,8,Muy Feliz,"Mas programas de cultura ciudadana, calles mas limpias, mayor seguridad,  Mejorar vias en los barrios. Parques mas limpios y seguros.",,,03:17
2024-10-10 03:31:52,phone,1964-05-07,female,2,1,Neutral,Pues que halla m√°s seguridad,,,01:58
2024-10-09 12:51:19,phone,1954-01-05,female,5,8,Neutral,en la autoridad deben de haber disciplina en todas sus labores que hagan tanto los de tr√°nsito como las otras autoridades el orden empieza por cabeza y en este caso el alcalde debe de hacer y cumplir con la responsabilidades que se le otorgan a cada uno de las autoridades gracias,,,02:26
2024-10-09 03:40:43,phone,1975-01-30,male,10,10,Neutral,Seguridad,,,01:43
2024-10-08 19:55:29,phone,1997-10-01,female,10,10,Muy Feliz,,,,01:52
2024-10-08 19:38:48,phone,1954-08-30,male,4,9,Un poco ansioso,La inseguridad,,,03:53
2024-10-08 18:53:19,phone,1958-12-15,male,10,10,Muy Feliz,"Son muchas cosas que faltan en tulua,primero la seguridad, arreglo de las v√≠as rurales, educaci√≥n en toda la ciudadan√≠a.",,,03:57
2024-10-08 00:47:56,phone,1988-10-27,female,7,8,Feliz,"Desarrollo econ√≥mico, y apoyo a los emprendedores, as√≠ como acceso a vivienda",,,01:31
2024-10-07 22:32:16,phone,1953-06-05,female,5,9,Feliz,Hacer de tulua una ciudad limpia ylibre de tanto robo y asesinato somos una ciudad muy linda y echada para adelante,,,02:07
2024-10-07 22:16:32,phone,1957-09-08,female,9,9,Neutral,Mucha inseguridad,,,00:48
2024-10-07 21:56:24,phone,1970-07-09,female,2,4,Un poco ansioso,La seguridad,,,01:04
2024-10-07 21:08:22,phone,1958-06-30,female,10,,Muy Feliz,M√°s empleo,,,00:46
2024-10-07 20:36:29,phone,2001-07-10,male,10,10,Muy Feliz,Xxxxxxx,,,00:42
2024-10-07 20:05:52,phone,1992-02-03,female,8,10,Muy Feliz,Seguridad en los barrios y pavimentaci√≥n de calles,,,01:29
2024-10-01 18:56:21,computer,1976-03-08,female,,,Neutral,El caos de las calles,,,00:46
2024-10-23 17:49:21,tel√©fono,1967-06-05,male,8,8,Feliz,La inseguridad,SI,"La herradura,  m√°s iluminacion",01:15
2024-10-23 18:15:38,tel√©fono,1991-01-08,male,8,10,Feliz,"Traer inversi√≥n extranjera de empresas que generen oportunidades de empleo, y traer√≠a nuevas universidades para ampliar la oferta educativa en el municipio",SI,"Saman del norte, mejorar el acceso en las vias y un reordenamiento vial, es uno de los barrios con mayor accidentalidad del municipio",02:53
2024-10-23 18:56:06,tel√©fono,1997-07-30,female,6,4,Muy ansioso,"Muchas cosas, empezando por el orden p√∫blico, lleno de polic√≠as y agentes de tr√°nsito corrupto y tenemos un alcalde que se la pasa escondido por miedo.",SI,"Bosques de Maracaibo, la junta de acci√≥n comunal tiene el barrio un poco desamparado, est√° sucio y con basura",01:17
2024-10-23 19:11:36,tel√©fono,1960-11-16,female,6,10,Feliz,La seguridad y los centros de salud,SI,"Villacampestre,  arreglar las calles",01:28
2024-10-23 19:13:14,tel√©fono,1985-08-31,female,2,2,Muy ansioso,"Una ciudad con oportunidad laboral, una ciudad tranquila sin violencia sin el miedo constante de salir a la calle y encontrarte con que te asalten o con la muerte, he sido v√≠ctima en varias ocasiones de asaltos y eso me dej√≥ traumatizada",SI,"F√°tima, poner c√°maras y alarmas comunitarias y mas iluminaci√≥n",02:27
2024-10-23 19:16:26,tel√©fono,1951-10-15,female,10,,Feliz,La inseguridad mediante las  vacunas  de los grupos terroristas.,NO,Victoria,02:47
2024-10-23 19:39:50,tel√©fono,1980-02-12,female,9,9,Neutral,La inseguridad,NO,Lomitas,01:26
2024-10-23 20:40:59,tel√©fono,1996-02-09,male,0,5,Muy ansioso,"Trabajo, mucho trabajo para las juventudes",SI,"La iluminaci√≥n, lla pavimentaci√≥n de las carreteras y la seguridad",01:17
2024-10-23 20:57:04,tel√©fono,1976-05-30,female,8,8,Feliz,La seguridad.para la smineres y ni√±as..,SI,Villa del sur..m√°s brigadas de salud y cine al  parque.,02:25
2024-10-23 23:38:17,tel√©fono,1988-05-29,female,7,8,Feliz,Bajar √≠ndices de inseguridad y sicariato,SI,Las Am√©ricas - m√°s uni√≥n entre vecinos,01:11
2024-10-24 04:47:42,tel√©fono,1986-11-22,female,7,10,Feliz,Seguridad,NO,"Popular, seguridad",01:02
2024-10-24 06:17:25,tel√©fono,1979-01-26,male,9,9,Feliz,"Ejecutar el POT, aplicar urbanismo y paisajismo intenso para darle una cara m√°s fresca y moderna a Tulu√°,. Promover leyes para Limpiar las fachadas de establecimientos comerciales y casas. Controlar y reducir al m√≠nimo la mendicidad for√°nea y los habitantes de calle. Mejorar v√≠as pruncipal",SI,"Centro/Salesianos- Mejorar las luminarias, p√∫blicas desplazar la mendicidad y habitantes de calle",19:46
2024-10-24 06:41:54,tel√©fono,1970-02-03,female,10,9,Feliz,Que el estado se preocupe por combatir la drogadicci√≥n y generar espacios para los j√≥venes,NO,San Vicente  Mejorar√≠a que tengan control con los habitantes de calle que no hagan sus necesidades en los andenes,02:37
2024-10-24 09:39:39,tel√©fono,1996-08-09,female,8,10,Feliz,La seguridad,SI,"El Bosque, campa√±as educativas y programas sociales.",00:51
2024-10-22 21:12:41,tel√©fono,1984-08-14,male,7,7,Neutral,"Posicionamiento de industria en Tulu√°, para obtener un mejor empleo. Construcci√≥n entidades de salud nivel 3 y 4 para no gastar, tiempo, dinero e integridad traslad√°ndome hasta Cali.",SI,Ciudadela parque Central (Moreno Tafurt). Instalaci√≥n de puestos de salud.,37:41
2024-10-24 12:33:27,tel√©fono,1984-07-11,female,8,8,Un poco ansioso,"El tema de orden p√∫blico, m√°s seguridad que uno pueda tranquilamente poner un negocio de algo as√≠ sea peque√±o pero estar tranquilo",SI,"Marandua, mejorar√≠a las calles tienen huecos",04:08
2024-10-24 15:59:25,tel√©fono,1948-02-13,female,8,8,Neutral,La inseguridad,SI,Urbanizaci√≥n el Dorado. M√°s colaboraci√≥n de los vecinos para el bienestar del barrio,07:32
2024-10-24 16:16:11,tel√©fono,1993-05-03,female,6,8,Un poco ansioso,"La seguridad, poder salir un poco m√°s tranquila",SI,La carrera 30....Las calles les falta pavimentaci√≥n y orden sobre esa carrera tan principal de la ciudad,01:34
2024-10-24 16:23:28,tel√©fono,1957-03-03,female,10,10,Feliz,La seguridad y que halla m√°s igualdad,SI,Corregimiento de Bocas de Tulua,01:39
2024-10-24 16:58:45,tel√©fono,1997-04-16,male,4,4,Neutral,M√°s trabajo para personas con discapacidad tengo una discapacidad y soy profesional con posgrado y no consigo trabajo,SI,Farf√°n m√°s rampas,01:35
2024-10-24 17:35:48,tel√©fono,1979-02-13,male,6,6,Muy ansioso,Oportunidades de  negocios,SI,Barrio playas m√°s cultura ciudadana,03:48
2024-10-24 17:52:45,tel√©fono,1980-06-21,female,8,8,Feliz,"La seguridad, oportunidades laborales.",SI,"MARACAIBO  Grupos de apoyo, capacitaciones.",01:21
2024-10-24 18:45:53,tel√©fono,1985-05-04,male,7,8,Un poco ansioso,"En Tulu√° falta mucho control con el flujo vehicular, carrera 40 es s√∫per peligrosa, muy importante controlar los  piques  para este 31 de octubre, puede ser lamentable el resultado, es impresionante...",SI,,02:01
2024-10-24 19:35:12,tel√©fono,1976-11-13,male,5,7,Muy ansioso,La seguridad de mi ciudad  es lo primordial,SI,Pe√±aranda,02:24
2024-10-24 21:10:41,tel√©fono,1984-06-22,female,10,8,Un poco ansioso,Que tuviera m√°s programas para j√≥venes y adolescentes,SI,Vivo en villa liliana me gustar√≠a mejorar los parques ya q contamos con los espacios de zona verde pero faltan juegos para los peque√±os,02:44
2024-10-25 00:44:03,tel√©fono,1982-06-26,male,6,6,Muy ansioso,La seguridad que la atencion en salud sea de mejor calidad,SI,En el barrio el bosque  que recibamos el apoyo de entidades competentes para la seguridad,02:12
2024-10-25 02:01:37,tel√©fono,1967-09-04,female,10,10,Feliz,"Educar y concientizar al ciudadano en respetar las cebras, sem√°foros,y que haya una ley para los padres de familia en tener en sus hogares a los ni√±os y j√≥venes de 17 a√±os y 11 meses en sus casa a las 10 00pm ya dentro de ellas as√≠ nos evitar√≠amos juventud perdida en vicios y rumbas sin sentido",SI,"El barrio Horizonte y me gustar√≠a que nos apoyar√°n con el arreglo de parque el horizonte,se que toda la comunidad de alrededor nos apoyar√≠an",07:00
2024-10-25 05:13:02,tel√©fono,1967-05-06,male,10,10,Feliz,La seguridad,SI,Jazm√≠n y mejorar√≠a el tr√°nsito vehicular,01:11
2024-10-25 09:19:09,computer,1976-03-08,female,8,10,Muy ansioso,el chisme,SI,"Alvernia, estimular el trabajo en comunidad el los parques",00:51
2024-10-25 13:58:51,tel√©fono,1969-06-06,male,10,10,Muy Feliz,Mejorar los centros recreacional es y algunas zonas viales,SI,Que quiten los antejardines que algunos habitantes de este sector colocaron en las zonas peatonales,02:56
2024-10-25 14:09:24,tel√©fono,1956-02-19,male,8,8,Feliz,"Servicios de medicina,sin tener que viajar a otro lado.mas eficiencia en la terminaci√≥n de las obras publicas.tener  capacidad para aprovechar la margen del rio,con pol√≠ticas que incluya entretenimiento,fuente de empleo y sentido de pertenencia por el afluente.se ha desperdiciado esa belleza natural",SI,Seguridad.en m√°s iluminaci√≥n y mejores implementos de m√°quinas biosaludables y control policial.,09:50
2024-10-25 15:12:35,computer,1996-07-09,male,10,9,Un poco ansioso,,SI,,00:30
2024-10-25 15:27:12,tel√©fono,1976-11-30,male,10,7,Neutral,La seguridad la movilidad y que las entidades de la alcald√≠a est√©n m√°s con la comunidad,SI,Bosques de Maracaibo nos falta parques para nuestros ni√±os seguridad y las vias,02:02
2024-10-25 16:09:13,tel√©fono,1962-03-19,male,8,9,Muy Feliz,"A veces pienso en la seguridad m√≠a y de mi familia,eso es algo que crea un poco de ansiedad en mi",SI,"Alameda 1,y tratar√≠a de hacer campa√±as para que no tienen tanta basura en la transversal 12,tambi√©n hay mucho perrito abandonado en la calle",03:02
2024-10-25 18:20:40,tel√©fono,1986-10-21,male,8,9,Un poco ansioso,"Es necesario crear espacios de esparcimiento, el paquete de la familia es un caos, el lago chilicote da miedo ir porque se volvi√≥ un centro de consumo, el estadio no est√° disponible, se necesitan parques y lugares adecuados para el esparcimiento familiar que provean seguridad y tranquilidad.",SI,"Sajonia, intervenir el lago chilicote.",02:37
2024-10-25 23:16:59,tel√©fono,1958-03-24,male,5,8,Un poco ansioso,Mayor compromiso por parte de la alcald√≠a y de la ciudadan√≠a de mantener los parques y zonas verdes en perfecto estado a igual que las v√≠as por d√≥nde circulamos.,SI,"Las Acacias, m√°s vigilancia para el lago y que la polic√≠a ambiental permanezca en el CAI para controlar y proteger este humedal",07:38
2024-10-26 05:16:15,tel√©fono,2002-05-28,female,3,6,Neutral,La inseguridad,SI,F√°tima,08:33
2024-10-26 06:30:56,tel√©fono,1956-02-19,male,8,8,Feliz,Servicio medico.mas atenci√≥n local.menos traslados a otros pueblos para.atenci√≥n medicinal.,SI,Equipos biosaludables.iluminaci√≥n y seguridad.,03:17
2024-10-26 07:00:44,tel√©fono,1974-03-24,female,7,10,Feliz,Q se pueda caminar por los andenes libremente si tener q vajarse ala calle,SI,M√°s presencia de las autoridades  de polic√≠a o militares  Barrio santa cruz,04:30
2024-10-26 07:06:41,tel√©fono,1960-06-06,male,8,8,Neutral,"La paz , la tranquilidad",SI,"La Villa , limpieza , camaras en buen estado",03:20
2024-10-26 07:44:22,tel√©fono,1956-02-19,male,8,9,Feliz,Tienen en la vieja ESTACI√ìN la  oportunidad de hacer otra ESPECTACULAR obra de marca mayir.debe ser algo que produzca orgullo.,SI,M√°quinas e instructores de guia.,04:18
2024-10-26 09:15:25,tel√©fono,1956-02-19,male,8,8,Feliz,"Mejorar fuentes de empleo.y recuperar espacio publico.no perder la posibilidad de hace una obra maestra,en la anterior estaci√≥n del tren.fijar los ojos hacia las orillas del rio,aprovechar su  esplendor.mediante servicios y entretenimiento y darle vida al globo terrenal del sector de la estaci√≥n San",SI,Equipamiento para trabajo fisico.iluminacion y seguridad.,06:06
2024-10-26 12:30:49,tel√©fono,1967-09-21,female,2,5,Un poco ansioso,Que haya buena oportunidad de adquirir vivienda para desplazados por la violencia.,NO,,02:21
2024-10-26 13:34:00,tel√©fono,1989-05-08,female,2,2,Un poco ansioso,Seguridad vial y oportunidades laborales,SI,"Barrio Popular, actividades en el parque para que sean ocupafos de nuevo por los ni√±os y las familias",01:33
2024-10-26 13:33:21,tel√©fono,1979-03-11,male,9,10,Feliz,Mas presencia policial. Mucha delincuencia y a la vez sicariato. Tulua esta escaso de policias,SI,Vivo en el barrio el  paraiso . ser un veedor y terminar de darle un mejor aspecto a la cancha de futbol. Embellecerla.,03:50
2024-10-26 15:42:20,tel√©fono,1981-09-21,female,8,9,Neutral,La seguridad,NO,La maeina,01:16
2024-10-26 16:07:34,tel√©fono,1975-12-18,male,7,8,Neutral,La seguridad,SI,Victoria,01:02
2024-10-26 17:57:25,tel√©fono,1952-04-09,male,10,10,Muy Feliz,M√°s educaci√≥n. Ad dinero para el ministerio de educacon lo que no vemos de los pol√≠ticos que no lo dicen y el pueblo sin educaci√≥n es un pueblo ciego sin esperanza % educaci√≥n con cultura nacional % todo aut√≥ctono idiomas ancestros aut√≥ctono y espa√±ol latinoamericano y caribe√±o menos inportacion de,SI,Barrio jasmin la cra40 lago este.mas control del ambiente redes de cloacas sr vrn respuestas  al ambiente rstudio para mejorar su calidad am,13:03
2024-10-26 19:00:14,tel√©fono,1966-02-04,male,,,Temo por mi vida,La seguridad y la extorsi√≥n. Trabajo para todos,SI,LA SEGURIDAD,02:36
2024-10-26 19:35:36,tel√©fono,1980-06-08,female,8,7,Un poco ansioso,Cultura vial y de espacio publico,SI,"El condor dos, mejoraria las luminarias, pavimentar la calle 13 c y traer juegos nuevos al parque",01:39
2024-10-26 20:11:40,tel√©fono,1975-10-21,female,2,5,Un poco ansioso,Ayuden m√°s alas madres cabeza de hogar nesecitamos tambi√©n la encuesta del sisben,SI,Las nieves,01:19
2024-10-26 22:36:40,tel√©fono,1970-04-28,female,9,9,Feliz,Cambiar√≠a que no hubiera tanto asesinato en nuestra ciudad de la ciudad tulu√° que todo fuera armon√≠a paz y entre familias y amistades y vecinos,SI,Yo vivo en el barrio Rub√©n Cruz V√©lez que hubiera mas espacios de recreaci√≥n para los j√≥venes y ni√±os compartieran en familia,05:48
2024-10-27 03:40:32,tel√©fono,1969-04-10,female,8,8,Un poco ansioso,La inseguridad,SI,Jazmin Tendr√≠a que sacar del barrio varios focos de  personas que nos est√°n quitando la tranquilidad,05:19
2024-10-27 05:42:58,tel√©fono,1959-02-24,female,3,4,Un poco ansioso,Seguridad,SI,Fatima reparar calles,01:41
2024-10-27 06:26:38,tel√©fono,1970-06-26,female,7,8,Muy Feliz,"Mayor inversi√≥n social buscando generar espacios positivos para evitar que nuestros ni√±os j√≥venes y adolescentes se involucren en actividades ilicitas onse relacionen mal ,generar espacios de paz amor y sana convivencia. Evitar tanto papeleo administrativo y ejecutar acciones que impacten",SI,"En la esperanza, generar√≠a espacios de sano esparcimiento para la poblaci√≥n",03:54
2024-10-27 07:08:00,tel√©fono,1985-07-21,male,3,3,Temo por mi vida,Mejores oportunidades de empleo y mayor seguridad en el municipio,SI,Salesianos,01:03
2024-10-27 07:08:39,tel√©fono,1966-01-02,male,2,2,Neutral,Un  empleo,SI,Se√±alizar las vias,04:20
2024-10-27 13:18:56,tel√©fono,1983-01-12,female,5,6,Feliz,Seguridad y fuentes de empleo,SI,Programas de formaci√≥n y capacitaci√≥n,01:07
2024-10-27 14:03:10,tel√©fono,1956-02-19,male,8,8,Feliz,Empleo.salud sin tener que salir de la ciudad.,SI,Iluminaci√≥n y mayor entretenimiento en los parques.,03:00
2024-10-27 16:11:12,tel√©fono,1956-02-19,male,8,8,Feliz,Salud.y empleo directo del municipio.aprovechar los espacios p√∫blicos para generar empleo.y  puentes desde la harina al norte y sur y aprovechar ese emporio natural que es el RIO .,SI,"M√°s luz,espacios para ventas y seguridad",04:21
2024-10-27 19:39:44,tel√©fono,1967-07-23,female,3,6,Temo por mi vida,Que el al calde solucione lo de la bulla en los barrios,SI,La bulla de los vecinos,02:24
2024-10-27 20:18:52,tel√©fono,1992-01-13,female,7,8,Feliz,Mas seguridad para nuestras familias y  no m√°s delincuencia en nuestra comunidad,SI,Villa  margarita parque mas iluminados para as√≠ no tener delincuentes escondidos,04:12
2024-10-27 20:47:36,tel√©fono,1975-07-13,female,8,10,Feliz,La seguridad de poder caminar por las calles sin estar asustado esperando un raponazo. Poderme sentar fuera de mi casa a refrescarme sin miedo a que vengan a robarme.,SI,"Panamericano. La iluminaci√≥n es poca, falta se√±alizaci√≥n y preeencia de la autoridad. A√∫n se hace piques de motos por este lugar",02:10
2024-10-27 20:46:52,tel√©fono,1956-03-25,male,7,8,Neutral,"En la v√≠a (la 40) a Buga, frente al costado del Colegio Gimnasio del Pac√≠fico se han presentado muchos accidentes de tr√°nsito, porque hay veh√≠culos que giran a la  izquierda para entrar a ciudad Campestre.  Una rotonda o sem√°foro.  Pero los motocicletas no respetan sem√°foros.  Que tristeza.",NO,Miraflores  Limpieza en los alrededores del Colegio Gimnasio (llevan basuras),08:03
2024-10-27 21:57:33,tel√©fono,1983-04-09,female,5,9,Neutral,Mejores acciones del alcalde,SI,Pavimento,02:16
2024-10-27 22:10:42,tel√©fono,1981-07-14,male,8,7,Neutral,Que no extorsi√≥nen tanto a la gente y que se ataque con contundencia a las bandas de la ciudad m√°s empresas para nuestra ciudad,NO,Escobar,02:36
2024-10-28 00:32:23,tel√©fono,1956-09-01,male,6,,,,,,01:35
2024-10-28 01:52:41,tel√©fono,1980-02-29,female,7,7,Neutral,Inseguridad,NO,Villa campestre,03:08
2024-10-28 05:16:07,tel√©fono,1975-10-01,female,7,7,Muy Feliz,Nuevas fuentes de empleo,NO,Bolivar,01:00
2024-10-28 05:15:21,tel√©fono,1978-01-11,female,4,4,Un poco ansioso,La inseguridad y falta de oportunidad laboral,SI,Corregimiento de Nari√±o tantas cosas que hay para hacer por este lugar los j√≥venes son m√°s los metidos en las drogas,03:04
2024-10-28 06:27:37,tel√©fono,1992-02-28,female,7,9,Muy Feliz,M,SI,Aguaclara. Mejorar√≠a la v√≠a de la carrilera,00:54
2024-10-28 09:48:22,tel√©fono,1971-11-01,female,10,10,Feliz,"Se que en materia de seguridad hemos mejorado significativamente, ac√° en la galer√≠a much√≠simos habitantes de calle que hacen que las ventas hayan mermado por qu√© en mi cuadra ( calle 27 A entre CRA 21-22) mantienen ma√±ana ,tarde y noche fumando y vendiendo !! C√≥mo institutos gratuitos para ellos !!",NO,"Villa del sur ! Pues mi cuadra es bien , solo uno que otro vecino ruidoso ( y bastante ) los fines de semana ! De resto todo excelente!",03:42
2024-10-28 10:02:57,computer,1998-05-09,female,7,9,Neutral,"la igualdad para campesinos y gente de ciudad, la capacidad de adquirir vivienda digna, correctivos judiciales para las cosas que debe el alcalde y su gabinete, la no corrupci√≥n en licitaciones y contratos",NO,,02:35
2024-10-28 10:05:08,tel√©fono,1949-05-23,male,10,10,Muy Feliz,"Ante todo la seguridad la gente est√° abandonando la ciudad por muchos motivos extorcion,intolerancia, carestia,abandono,crecimiento delincuencia y aumento habitantes de la calle etc etc etc",SI,En mi Barrio C√©spedes aparte del caos total que representa la Cra 30 han crecido demasiado talleres de autos y motos en la calle y andenes.,10:48
2024-10-28 12:32:52,tel√©fono,1980-08-16,female,6,5,Un poco ansioso,"Que se pudiera trabajar tranquilamente la cuidad se siente muy intranquila con tantos homicidios, estorciones poco trabajo",NO,Santa Isabel,01:21
2024-10-28 13:49:52,tel√©fono,1961-05-11,female,4,7,Un poco ansioso,Seguridad y bienestar en los parques,SI,Cuidado con el humedal del lago chillicotte. M√°s protecci√≥n a la fauna y flora,02:24
2024-10-28 16:38:23,tel√©fono,1997-06-27,female,1,,Temo por mi vida,La inseguridad,SI,Nuevo farf√°n cambiar√≠a la limpieza,01:27
2024-10-28 17:51:21,tel√©fono,1980-02-04,male,6,,Feliz,En Tulu√° toca combatir cien por ciento todo tipo de delincuencia incluida la corrupci√≥n,SI,"Barrio Rub√©n cruz V√©lez, mejoramiento de caseta comunal y la atenci√≥n al usuario en el hospitalito Rub√©n cruz",06:18
2024-10-28 19:06:04,tel√©fono,1965-01-24,male,10,10,Muy Feliz,"Tulua no debe cambiar, ni nada debe cambiar; son las personas las que deben trabajar en si mismos. Los tesoros est√°n dentro de cada Ser humano",NO,Ya vamos vo en veteda,04:39
2024-10-28 19:50:34,tel√©fono,1952-04-28,female,9,9,Muy Feliz,K se preocupen m√°s por los adultos mayores y los ni√±os,SI,Fatima k en el parque de la flia coloquen aparatos para k podamos hacer ejercicios los mayores,03:22
2024-10-28 20:16:00,tel√©fono,1958-04-17,male,9,10,Feliz,"Que la autoridad de transito hagan cumplir  con las normas que reglamentan la circulaci√≥n de motos y carros,porque  la mayor√≠a  no respetan  estas normas.",SI,"La seguridad del barrio Popular. Colocar c√°maras en la casa,para observar y grabar los incidentes qu√© ocurran.",05:22
2024-10-28 20:31:33,tel√©fono,1990-03-22,female,5,4,Temo por mi vida,"El ruido de los vecinos con equipos de sonido a todos volumen, la seguridad vial.",SI,"Barrio la santa Cruz, mejorar√≠a el ruido los vecinos no respetan ponen el equipo a todo volumen y no limpian el popo de las mascotas",02:17
2024-10-28 21:48:51,tel√©fono,1987-01-11,female,7,7,Feliz,M√°s transporte p√∫blico y menos motoraton,SI,Portal de San Felipe  M√°s seguridad  Que haya control de equinos,01:17
2024-10-28 23:02:26,tel√©fono,1981-01-16,female,9,8,Feliz,Seguridad para salir hacer deporte a los alrededores,SI,Senderos de villa Liliana,01:12
2024-10-29 00:33:48,tel√©fono,1984-11-02,female,5,7,Neutral,Dejar trabajar a las personas que se rebuscan en la calle,SI,Tomas uribe hay muchos chirretes locos en las calles,02:08
2024-10-29 01:11:06,tel√©fono,1985-05-23,female,5,5,Un poco ansioso,"La inseguridad nos est√° matando, sino son las extorsiones, son los cr√≠menes, o el miedo generalizado que hay en la gente, desempleo, falta de oportunidades, y a eso le sumamos la falta de cultura, especialmente en el tema del tr√°fico, salir en cualquier veh√≠culo o hasta a pie es arriesgar la vida.",SI,"San Pedro Claver. M√°s presencia de la polic√≠a, mucho habitante de calle y robos en las casas",03:54
2024-10-29 02:05:11,tel√©fono,1988-09-01,female,8,9,Feliz,Traer empresa privada para as√≠ facilitar empleos,NO,"El popular, y que le cambiar√≠a la casona",03:52
2024-10-29 05:06:08,tel√©fono,1959-03-29,female,10,10,Muy Feliz,"Que no hayan huecos en las calles, que los vendedores de la calle sean reubicados, que dejen trabajar los extorsionadores y que el alcalde por fin de la cara a su pueblo.",NO,El lago.,03:49
2024-10-29 07:58:16,tel√©fono,1974-04-05,male,9,9,Un poco ansioso,La.inseguridad,SI,Barrio AVE Cali,01:58
2024-10-29 08:46:55,tel√©fono,1989-07-05,female,8,8,Neutral,"Regulaci√≥n y control social, incremento de la seguridad. Caminar en Tulu√° es una eterna sensaci√≥n de inseguridad",SI,El Palmar. Planes y programas para la ocupaci√≥n del tiempo libre en los j√≥venes,01:38
2024-10-29 11:56:27,tel√©fono,1961-09-07,female,6,7,Un poco ansioso,M√°s beneficios para las personas solas de la tercera edad.,NO,Nuevo principe... Nadie socializa con nadie,01:44
2024-10-29 13:22:16,tel√©fono,1967-04-05,male,,,Temo por mi vida,,SI,LA SEGURIDAD...TODO TULUA ESTA EN MANOS DE LA DELINCUENCIA,01:43
2024-10-29 13:38:11,tel√©fono,1974-10-18,female,8,8,Muy ansioso,Erradicar la extorsi√≥n y los asesinatos,SI,"La villa.   Normas claras de convivencia  0 ruido, levantar popo de mascotas",02:17
2024-10-29 13:36:46,tel√©fono,1948-06-20,male,10,10,Un poco ansioso,"Cultura ciudadana.  Respeto a las autoridades, a las reglas sociales, educaci√≥n y cultura , respeto a los demas .",NO,Las Delicias.  Respeto a las normas de tr√°nsito.,05:54
2024-10-29 14:11:01,tel√©fono,1967-03-29,female,10,10,Muy Feliz,Los consumidores de alucinogenos,SI,"Urbanizaci√≥n la villa , el consumo de drogas",02:14
2024-10-29 16:16:06,computer,1990-01-29,male,5,5,Un poco ansioso,"Mas Zonas Verdes, Ejemplo Boulevard del Lago, organizando la zona verde con plantas end√©micas hasta la antigua terminal, generaci√≥n de empleo, puede ser a trav√©s de recuperar la empresa publica o la creaci√≥n de una ZF. mas espacios para la practica deportiva.",SI,"Pr√≠ncipe, El parque del pr√≠ncipe ya es obsoleto, se podr√≠a crear unos reductores de velocidad en este para evitar los piques que se realizan",03:16
2024-10-29 16:31:00,tel√©fono,1977-07-03,male,10,10,Feliz,,,,01:51
2024-10-29 18:18:38,tel√©fono,1959-01-17,male,4,4,Un poco ansioso,,SI,M√°s seguridad y controlar tanto consumidor de estupefacientes en los parques tambi√©n controlar a los due√±os de los perros que hacen popo y n,04:18
2024-10-29 18:25:00,tel√©fono,1962-12-13,female,9,9,Feliz,Seguridad,SI,ALVERNIA. Mejorar la presencia de las entidades oficiales. Aprovechar los parques para actividades culturales y restaurarlos.,07:45
2024-10-29 18:50:41,tel√©fono,1977-09-17,female,6,7,Un poco ansioso,Seguridad  y generacion de empleo,SI,Trinidad  -   seguridad,01:19
2024-10-29 19:06:56,tel√©fono,1993-01-13,female,5,5,Muy ansioso,"Empleabilidad,par auna mejor calidad de vida",NO,El victoria  Apoyo a los emprendimientos,03:24
2024-10-29 19:32:03,tel√©fono,1965-12-20,female,8,10,Feliz,Seguridad y programas para la gente menos favorecidas,SI,Corregimiento Nari√±o,01:42
2024-10-29 19:41:50,computer,2005-09-02,male,5,8,Neutral,mejores oportunidades de trabajo,SI,portales del rio  yo mejorar√≠a la seguridad en el barrio,03:43
2024-10-29 20:38:00,tel√©fono,1941-10-02,male,2,9,Neutral,,SI,,02:55
2024-10-29 21:09:20,tel√©fono,1969-09-01,male,7,9,Neutral,"Eliminar la extorsi√≥n con m√°s seguridad, hacer mas parques, mejorar la movilidad con mejores v√≠as",SI,Casas huertas  no tenemos ning√∫n parque para la familia las chatarrer√≠as generan plagas y la ladrillera contaminaci√≥n   deben ser reubicados,06:06
2024-10-29 21:18:27,tel√©fono,1955-07-02,male,3,6,Un poco ansioso,,SI,,00:29
2024-10-30 00:10:15,tel√©fono,1998-02-14,female,8,8,Un poco ansioso,"La seguridad de Tulua, m√°s espacios de esparcimiento",SI,Aguaclara  Pavimentar toda la carrilera,01:14
2024-10-30 04:18:33,tel√©fono,1981-06-20,male,2,2,Un poco ansioso,Seguridad,SI,Sajonia seguridad y normalizar tarifas de servicios publicos,02:14
2024-10-30 05:02:02,tel√©fono,1969-09-17,female,5,5,Muy ansioso,Salir de deudas no ser m√°s esclava de los gota gota que amenazan y cobran lo que les da la gana,SI,La Paz  espacios para capacitaci√≥n  de ni√±os j√≥venes y adolescentes para que ocupen el tiempo libre,03:24
2024-10-30 07:05:53,tel√©fono,1986-03-16,female,9,7,Feliz,Seguridad para tener m√°s tranquilidad,SI,"Barrio Popular, m√°s presencia de lapolic√≠a, se ve mucho consumidor de vicio por esta zona que viene de la casona",01:41
2024-10-30 07:01:19,tel√©fono,1963-07-25,female,1,3,Muy feliz,"La seguridad, respeto por el transe√∫nte, evitar invasi√≥n de espacio p√∫blico por vendedores, veh√≠culos (carros, motos, vendedores)",SI,"Nuevo pr√≠ncipe,   falta acciones para  basuras sacadas frente a su casa, polic√≠a atienda alto volumen de equipos de sonido",08:56
2024-10-30 07:14:48,tel√©fono,1980-12-11,male,10,9,Neutral,"M√°s se√±alizaci√≥n para veh√≠culos, tapar muchos huecos y m√°s espacios deportivos tanto para j√≥venes como para adultos.  Me falto mejorar los parques, m√°s recipientes para depositar basura en los parques y las calles.  Esto me aria muy feliz",SI,"El estado de los parques, m√°s se√±alizaci√≥n  Soy del barrio la esperanza de tulua",05:13
2024-10-30 07:34:43,tel√©fono,1968-03-13,female,5,4,Neutral,La educaci√≥n desde la Flia y la manera de buscar de DIOS. Ense√±amos Valores y Principios a nuestros hijos . Tambi√©n ense√±√°ndoles el respecto y el Temor por Dios.,SI,Barrio Rub√©n Cruz .  Mejoraria  el Ruido y la contaminaci√≥n.  debido al alto fluido vehicular .,07:56
2024-10-30 08:07:54,tel√©fono,1987-06-04,female,5,7,Un poco ansioso,Cambiar√≠a la inseguridad el temor que ya da salir a la calle y por su puesto las pocas oportunidades de empleo para las que somos mam√°s y queremos seguir adelante con nuestras vidas,SI,"San Antonio,mejorar√≠a la cancha deportiva y como queda cerca el parque de los sue√±os,har√≠a un control de ese parque para q dejen tanto consu",03:19
2024-10-30 10:12:07,tel√©fono,1965-11-01,male,10,10,Neutral,Nuestro comportamiento en las vias mas toleramcia,SI,Panamericano,11:00
2024-10-30 13:55:43,tel√©fono,1975-12-10,male,10,8,Feliz,La  inseguridad . No me siento seguro  en ninguna parte..,SI,En el barrio la santa cruz . Mucho consumo y venta de estupefacientes  y falta pavimentaci√≥n en la parte baja del barrio.,03:24
2024-10-30 15:11:51,tel√©fono,1955-04-11,male,10,10,Neutral,La policia el ej√©rcito y lavdroga,SI,,01:39
2024-10-30 15:37:15,tel√©fono,1993-09-02,female,10,10,Feliz,Que la via hacia mategudua le hicieran mantenimiento vajo  y subo todos los d√≠as a trabajo en la escuelita de halli y cada vez m√°s da√±ada la via sufre mucho los veh√≠culos por tanta piedras y huecos y todos los que transitamos diariamente,SI,Corregimiento mategudua. Ayudar a seguir conservando la hermosa naturaleza con toda su diversidad que nos rodea,11:29