RAZON SOCIAL,DIR-COMERCIAL,BARRIO-COMERCIAL,MUN-COMERCIAL,TEL-COM-1,TEL-COM-2,TEL-COM-3,CIIU-1,CIIU-2,CIIU-3,CIIU-4,ACTIVIDAD
MONTALLANTAS Y VULCANIZADORA NENE,CORREGIMIENTO DE QUEBRADA NUEVA,,76895 - ZARZAL,3147510815,,,G4520 ** Mantenimiento y reparacion de vehiculos automotores,,,,SERVICIO DE VULCANIZADORA Y MONTALLANTAS.
LAVADERO GIRALDO,CL 25 13 57,00504 - PLAYAS,76834 - TULUA,3184653222,,,G4520 ** Mantenimiento y reparacion de vehiculos automotores,,,,LAVADERO Y MANTENIMIENTO Y REPARACIóN DE VEHíCULOS AUTOMOTORES.
MITSUCAMPEROS TULUA S.A.S.,CR 28B  10A-52,00472 - SANTA RITA DEL RÍO,76834 - TULUA,2345353,3178312371,,G4520 ** Mantenimiento y reparacion de vehiculos automotores,G4530 ** Comercio de partes  piezas (autopartes) y accesorios (lujos) para vehiculos automotores,,,MANTENIMIENTO Y REPARACION DE VEHICULOS AUTOMOTORES.COMERCIO DE PARTES  PIEZAS (AUTOPARTES) Y ACCESORIOS (LUJOS) PARA VEHICULOS AUTOMOTORES
CENTRO SERVICOS Y REPUESTOS TULUA,CARRERA 30 NRO. 17-34,00470 - POPULAR,76834 - TULUA,2251550,3183852671,,G4520 ** Mantenimiento y reparacion de vehiculos automotores,G4530 ** Comercio de partes  piezas (autopartes) y accesorios (lujos) para vehiculos automotores,,,MANTENIMIENTO Y REPARACION DE VEHICULOS AUTOMOTORES Y LA COMERCIALIZACION DE RESPUESTOS  PARTES Y ACCESORIOS PARA VEHICULOS.
CHARLYS MOTO RIOFRIO,CR 10 6 33,,76616 - RIOFRIO,3016460148,3044883079,,G4520 ** Mantenimiento y reparacion de vehiculos automotores,G4541 ** Comercio de motocicletas y de sus partes  piezas y accesorios,,,MANTENIMIENTO Y REPARACION DE VEHICULOS AUTOMOTORES. COMERCIO DE MOTOCICLETAS Y DE SUS PARTES  PIEZAS Y ACCESORIOS.
HIDRACAR TULUA,CARRERA 27 NO 20 24,00480 - TOMÁS URIBE,76834 - TULUA,3172553592,3134025488,,G4520 ** Mantenimiento y reparacion de vehiculos automotores,,,,MANTENIMIENTO Y REPARACION DE VEHICULOS AUTOMOTORES.
JR AUTOMOTRIZ,CL 17 30 41,00453 - ENTRE RIOS,76834 - TULUA,3166989394,,,G4520 ** Mantenimiento y reparacion de vehiculos automotores,,,,MANTENIMIENTO Y REPARACION DE VEHICULOS AUTOMOTORES.
TALLER Y ESTRUCTURAS AGUIRRE,CL 40 A 27 A 44,00487 - LA BASTILLA,76834 - TULUA,3166590132,,,C2511 ** Fabricacion de productos metalicos para uso estructural,G4520 ** Mantenimiento y reparacion de vehiculos automotores,,,Fabricacion de productos metalicos para uso estructural. Mantenimiento y reparacion de vehiculos automotores.
LAVADERO PUENTE NEGRO,CL 34 27 A 31,00481 - AVENIDA CALI,76834 - TULUA,3232929942,3146844334,,G4520 ** Mantenimiento y reparacion de vehiculos automotores,H5221 ** Actividades de estaciones  vias y servicios complementarios para el transporte terrestre,G4732 ** Comercio al por menor de lubricantes (aceites  grasas)  aditivos y productos de limpieza para vehiculos automotores,,LAVADERO DE VEHICULOS PARQUEADERO. COMERCIO AL POR MENOR DE LUBRICANTES (ACEITES  GRASAS)  ADITIVOS Y PRODUCTOS DE LIMPIEZA PARA VEHICULOS AUTOMOTORES
TECNOMOTRIZ ESPECIALIZADOS,MANZANA D CASA 20,00657 - URB. LA PAZ,76834 - TULUA,3182514182,,,G4520 ** Mantenimiento y reparacion de vehiculos automotores,G4530 ** Comercio de partes  piezas (autopartes) y accesorios (lujos) para vehiculos automotores,,,Mantenimiento y reparacion de vehiculos automotores Comercio de partes  piezas (autopartes) y accesorios (lujos) para vehiculos automotores
VULCANIZADORA LA HUELLA,TRANSVERSAL 12 NO. 25-124,00503 - MARANDUA,76834 - TULUA,3146670891,,,G4520 ** Mantenimiento y reparacion de vehiculos automotores,G4542 ** Mantenimiento y reparacion de motocicletas y de sus partes y piezas,S9529 ** Mantenimiento y reparacion de otros efectos personales y enseres domesticos,G4541 ** Comercio de motocicletas y de sus partes  piezas y accesorios,VULCANIZADORA DE MOTOS  CARROS Y BICICLETAS  VENTA DE NEUMATICOS DE MOTOS Y BICICLETAS.
TECNICAR HF,K 30 23 34,00474 - VILLANUEVA,76834 - TULUA,3168501370,,,G4520 ** Mantenimiento y reparacion de vehiculos automotores,G4530 ** Comercio de partes  piezas (autopartes) y accesorios (lujos) para vehiculos automotores,,,MANTENIMIENTO Y REPARACION DE VEHICULOS AUTOMOTORES Y COMERCIO AL POR MENOR DE AUTOPARTES PARA VEHICULOS AUTOMOTORES
PINTUAUTOS TULUA,CR 30 16 69,00453 - ENTRE RIOS,76834 - TULUA,3174826321,3206417530,3167081785,G4520 ** Mantenimiento y reparacion de vehiculos automotores,,,,LAMINA Y PINTURA EN GENERAL PARA TODA CLASE DE VEHICULOS  PINTURA EXTERIOR  DIFUMINADO  PORCELANIZADO  BRILLADA DE FAROLAS
TALLER VALENCIA CARS,Calle 11C Nro.  27C-59,00473 - URB. PEÑARANDA,76834 - TULUA,2332486,3104905301,,G4520 ** Mantenimiento y reparacion de vehiculos automotores,,,,Mantenimiento y reparacion de vehiculos automotores
SERVICIOS Y MANTENIMIENTOS AL DIA S.A.S.,CL 11 1 A 40,,76895 - ZARZAL,3103554211,3172654691,,G4752 ** Comercio al por menor de articulos de ferreteria  pinturas y productos de vidrio en establecimientos especializados,C3312 ** Mantenimiento y reparacion especializado de maquinaria y equipo,G4520 ** Mantenimiento y reparacion de vehiculos automotores,,Comercio al por menor de articulos de ferreteria  pinturas.  Mantenimiento y reparacion especializado de maquinaria y equipo.  Mantenimiento y reparacion de vehiculos automotores.
TALLER DE REFRIGERACION LA CHINA,CARRERA 10 NO 5-46,,76895 - ZARZAL,3203710651,3123956917,,G4520 ** Mantenimiento y reparacion de vehiculos automotores,G4530 ** Comercio de partes  piezas (autopartes) y accesorios (lujos) para vehiculos automotores,C3312 ** Mantenimiento y reparacion especializado de maquinaria y equipo,F4322 ** Instalaciones de fontaneria  calefaccion y aire acondicionado,PRINCIAL: MANTENIMIENTO Y REPARACION DE VEHICULOS AUTOMOTORES. SECUNDARIAS: - COMERCIO DE PARTES PIEZAS PARA AUTOMOTORES. - MANTENIMIENTO Y REPARACION ESPECIALIZADO DE MAQUINARIA Y EQUIPO - INSTALACION DE CALEFACION Y AIRES ACONDICIONADO.
RECONSTRULLANTAS,CL 38 26 15,00492 - SALESIANO,76834 - TULUA,3188508180,3164698232,,G4520 ** Mantenimiento y reparacion de vehiculos automotores,G4530 ** Comercio de partes  piezas (autopartes) y accesorios (lujos) para vehiculos automotores,,,SERVICIO DE MONTALLANTAS  REPARACION  VENTA DE HERRAMIENTAS  ACCESORIOS Y LLANTAS PARA BICICLETAS.
TALLER METAL MECANICO AUTOMOTRIZ FREDDY,CL 25 18 72,00501 - LAS DELICIAS,76834 - TULUA,3167695508,,,G4520 ** Mantenimiento y reparacion de vehiculos automotores,,,,TRABAJOS EN SOLDAURA ELECTRICA Y AUTOGENA MANEJO DE OCICORTES Y ADAPTACIONES PARA VOLQUETAS Y CAMIONES  MAANTENIMIENTO Y REPARACION GENERAL.
AUTO CEDRO SAS,CR 40 43 84,00450 - VILLA DEL RÍO,76834 - TULUA,2256938,3187441630,,G4511 ** Comercio de vehiculos automotores nuevos,G4530 ** Comercio de partes  piezas (autopartes) y accesorios (lujos) para vehiculos automotores,G4520 ** Mantenimiento y reparacion de vehiculos automotores,,COMERCIO DE VEHICULOS AUTOMOTORES NUEVOS. COMERCIO DE PARTES  PIEZAS (AUTOPARTES) Y ACCESORIOS (LUJOS) PARA VEHICULOS AUTOMOTORES.
PRO DETAILING CENTER,CR 25 A 45 59,00654 - NUEVO PRINCIPE,76834 - TULUA,3185039907,,,G4520 ** Mantenimiento y reparacion de vehiculos automotores,,,,CENTRO ESPECIALIZADO DE EMBELLECIMIENTO AUTOMOTRIZ
TALLER WASH SBM,CRA  28 A NRO  8 12,00472 - SANTA RITA DEL RÍO,76834 - TULUA,3168309031,,,G4520 ** Mantenimiento y reparacion de vehiculos automotores,G4724 ** Comercio al por menor de bebidas y productos del tabaco  en establecimientos especializados,,,LAVADERO DE MOTOS Y CARROS. VENTA DE PICADURAS  JUGOS  GAESOSA Y COMIDAS.
ALMACEN ELECTRICO J.E.C. LA 30,CR 30 19 04,00474 - VILLANUEVA,76834 - TULUA,3153089676,3162415917,,G4530 ** Comercio de partes  piezas (autopartes) y accesorios (lujos) para vehiculos automotores,G4520 ** Mantenimiento y reparacion de vehiculos automotores,,,Comercio de partes  piezas (autopartes) y accesorios (lujos) para vehiculos automotores. Mantenimiento y reparacion de vehiculos automotores
CARWASH MOVIL OPTIMUS,CL 30 40 42,00444 - JAZMÍN,76834 - TULUA,3227636110,3006950227,,G4520 ** Mantenimiento y reparacion de vehiculos automotores,,,,LAVADO Y RESTAURACION DE VEHICULOS
PINTUAUTOS Y CUÑETES,CR 29 22 11,00474 - VILLANUEVA,76834 - TULUA,3148523192,3128938660,,G4520 ** Mantenimiento y reparacion de vehiculos automotores,G4752 ** Comercio al por menor de articulos de ferreteria  pinturas y productos de vidrio en establecimientos especializados,,,SERVICIO DE LAMINA Y PINTURA DE VEHÍCULOS AUTOMOTORES. VENTA DE CUÑETES DES PINTURA PARA CASAS.
EYM AUTOMOTRIZ,CRA 4 C CON CALLE 14 CASA 33 URB. PUERTAS DEL SOL,,76895 - ZARZAL,3108542843,3166695793,,G4520 ** Mantenimiento y reparacion de vehiculos automotores,C3312 ** Mantenimiento y reparacion especializado de maquinaria y equipo,G4530 ** Comercio de partes  piezas (autopartes) y accesorios (lujos) para vehiculos automotores,G4732 ** Comercio al por menor de lubricantes (aceites  grasas)  aditivos y productos de limpieza para vehiculos automotores,MANTENIMIENTO Y REPARACION DE VEHICULOS AUTOMOTORES  MANTENIMIENTO Y REPARACION ESPECIALIZADO DE MAQUINARIA Y EQUIPO  COMERCIO DE PARTES  PIEZAS (AUTOPARTES) Y ACCESORIOS (LUJOS) PARA VEHICULOS AUTOMOTORES  COMERCIO AL POR MENOR DE LUBRICANTES (ACEITES  GRASAS)  ADITIVOS Y PRODUCTOS DE LIMPIEZA PARA VEHICULOS AUTOMOTORES
JOSE ORLANDO GARCIA A,CR 40 23 12,00455 - NUEVO ALVERNIA,76834 - TULUA,3164817261,,,G4520 ** Mantenimiento y reparacion de vehiculos automotores,,,,MANTENIMIENTO Y REPARACION DE VEHICULOS AUTOMOTORES
SEH IMPORTACIONES SAS,CIR 24 31 40,00452 - CESPEDES,76834 - TULUA,3146069163,3173743185,,G4530 ** Comercio de partes  piezas (autopartes) y accesorios (lujos) para vehiculos automotores,G4520 ** Mantenimiento y reparacion de vehiculos automotores,G4541 ** Comercio de motocicletas y de sus partes  piezas y accesorios,G4542 ** Mantenimiento y reparacion de motocicletas y de sus partes y piezas,COMERCIO DE PARTES  PIEZAS (AUTOPARTES) Y ACCESORIOS (LUJOS) PARA VEHICULOS AUTOMOTORES MANTENIMIENTO Y REPARACION DE VEHICULOS AUTOMOTORES.COMERCIO DE MOTOCICLETAS Y DE SUS PARTES  PIEZAS Y ACCESORIOS.MANTENIMIENTO Y REPARACION DE MOTOCICLETAS Y DE SUS PARTES Y PIEZAS
PARABRISAS Y CHAPAS JHON F 2,CR 10 NRO. 6 - 64,,76895 - ZARZAL,3187787855,3158892523,3152983208,G4530 ** Comercio de partes  piezas (autopartes) y accesorios (lujos) para vehiculos automotores,G4520 ** Mantenimiento y reparacion de vehiculos automotores,,,COMERCIO  DE  PARTES   PIEZAS  (AUTOPARTES)  Y ACCESORIOS(LUJOS) PARA VEHICULOS AUTOMOTORES  MANTENIMIENTO Y REPARACION DE VEHICULOS AUTOMOTORES.
TECNISERVICIOS M.R,CARRERA 8 NRO. 14-44,,76895 - ZARZAL,3146648299,3146648299,3146648299,C3312 ** Mantenimiento y reparacion especializado de maquinaria y equipo,G4520 ** Mantenimiento y reparacion de vehiculos automotores,G4530 ** Comercio de partes  piezas (autopartes) y accesorios (lujos) para vehiculos automotores,,MANTENIMIENTO Y REPARACIóN ESPECIALIZADO DE MAQUINARIA Y EQUIPO. MANTENIMIENTO Y REPARACIóN DE VEHíCULOS AUTOMOTORES. COMERCIO DE PARTES  PIEZAS (AUTOPARTES) Y ACCESORIOS (LUJOS) PARA VEHíCULOS AUTOMOTORES.
ELITE DETAILING  PRO,CALLE 42A NO. 24-18,00654 - NUEVO PRINCIPE,76834 - TULUA,3172657250,3046702399,,G4520 ** Mantenimiento y reparacion de vehiculos automotores,G4530 ** Comercio de partes  piezas (autopartes) y accesorios (lujos) para vehiculos automotores,K6511 ** Seguros generales,G4724 ** Comercio al por menor de bebidas y productos del tabaco  en establecimientos especializados,MANTENIMIENTO Y REPARACION DE VEHICULOS AUTOMOTORES. COMERCIO DE PARTES  PIEZAS (AUTOPARTES) Y ACCESORIOS (LUJOS) PARA VEHICULOS AUTOMOTORES. VENTA DE SOAT. VENTA DE COMESTIBLES (PAPAS  DUCES  GASEOSAS Y OTROS)
MONTALLANTAS Y REPUESTOS Y.R,CARRERA 1 NRO. 1-04 CTO DE LA PAILA-LA FRUTERA,,76895 - ZARZAL,3105944875,3105944875,3105944875,G4520 ** Mantenimiento y reparacion de vehiculos automotores,G4530 ** Comercio de partes  piezas (autopartes) y accesorios (lujos) para vehiculos automotores,,,MONTALLANTAS.
CAR-LUCHO MONTALLANTAS Y VENTA DE AUTOPARTES,CR 30 14 108,00468 - MORALES,76834 - TULUA,3153470313,,,G4520 ** Mantenimiento y reparacion de vehiculos automotores,G4530 ** Comercio de partes  piezas (autopartes) y accesorios (lujos) para vehiculos automotores,,,SERVICIO DE MONTALLANTAS. COMERCIO AL POR MENOR DE  PARTES  PIEZAS (AUTOPARTES) Y ACCESORIOS (LUJOS) PARA VEHICULOS AUTOMOTORES.
METAL-MECANICAS H Y D,CR 4 20 46,,76036 - ANDALUCIA,3164612498,3233016545,,C2511 ** Fabricacion de productos metalicos para uso estructural,C3312 ** Mantenimiento y reparacion especializado de maquinaria y equipo,G4520 ** Mantenimiento y reparacion de vehiculos automotores,,FABRICACION DE PRODUCTOS METALICOS PARA USO ESTRUCTURAL. MANTENIMIENTO Y REPARACION ESPECIALIZADO DE MAQUINARIA Y EQUIPO. MANTENIMIENTO Y REPARACION DE VEHICULOS AUTOMOTORES.
LOTRAES S.A.S.,CARRERA 5 NRO. 3 45 BARRIO COCICOINPA,,76113 - BUGALAGRANDE,3168781840,,,H4921 ** Transporte de pasajeros,H4922 ** Transporte mixto,G4520 ** Mantenimiento y reparacion de vehiculos automotores,G4530 ** Comercio de partes  piezas (autopartes) y accesorios (lujos) para vehiculos automotores,TRANSPORTE DE PASAJEROS. TRANSPORTE MIXTO. MANTENIMIENTO Y REPARACION DE VEHICULOS AUTOMOTORES. COMERCIO DE PARTES  PIEZAS (AUTOPARTES) Y ACCESORIOS (LUJOS) PARA VEHICULOS AUTOMOTORES.
RADIADORES JK,CR 28 A 20 36,00474 - VILLANUEVA,76834 - TULUA,3148286370,3165181337,,G4520 ** Mantenimiento y reparacion de vehiculos automotores,,,,MANTENIMIENTO Y REPARACION DE RADIADORES Y SOLDADURA.
FERRETERIA FAHERRAMIENTAS,CRA 4 NRO  20- 46 B/ RICAUTE,,76036 - ANDALUCIA,3188873564,,,G4752 ** Comercio al por menor de articulos de ferreteria  pinturas y productos de vidrio en establecimientos especializados,G4530 ** Comercio de partes  piezas (autopartes) y accesorios (lujos) para vehiculos automotores,G4520 ** Mantenimiento y reparacion de vehiculos automotores,,COMERCIO DE ARTíCULOS DE FERRETERíA  PINTURAS  ARTíCULOS DE CONSTRUCCIóN  REPUESTOS AUTOMOTORES Y PRODUCTOS DE VIDRIO. COMERCIO DE PARTES  PIEZAS (AUTOPARTES)PARA VEHICULOS AUTOMOTORES. MANTENIMIENTO Y REPARACION DE VEHICULOS AUTOMOTORES .
AA&S REPARACIONES,CALLE 5 No. 1A - 05 VIA A SAN FERNANDO,,76100 - BOLIVAR,3136647933,,,G4520 ** Mantenimiento y reparacion de vehiculos automotores,C3312 ** Mantenimiento y reparacion especializado de maquinaria y equipo,N8299 ** Otras actividades de servicio de apoyo a las empresas n.c.p.,,REPARACION DE TODA CLASE DE VEHICULOS Y MAQUINARIA AGRICOLA EN GENERAL  DISEÑO Y FABRICACION DE MAQUINARIA  SERVICIO DE SOLDADURA  TORNO  FRESADORA  FABRICACION DE PIÑONES
LA FERIA FOOD TRUCKS,CORREGIMIENTO DE NARIÑO CARRETERA PRINCIPAL VIA RIOFRIO SN-1030,,76834 - TULUA,3218788019,,,I5630 ** Expendio de bebidas alcoholicas para el consumo dentro del establecimiento,I5611 ** Expendio a la mesa de comidas preparadas,I5612 ** Expendio por autoservicio de comidas preparadas,G4520 ** Mantenimiento y reparacion de vehiculos automotores,Expendio de bebidas alcoholicas para el consumo dentro del establecimiento. Expendio a la mesa de comidas preparadas. Mantenimiento y reparacion de vehiculos automotores. lavado de vehiculos.
LAVADERO LA CAMPIÑA LA 15,CL 15 18 36,00517 - LA CAMPIÑA,76834 - TULUA,3126515954,3207501584,,G4520 ** Mantenimiento y reparacion de vehiculos automotores,,,,LAVADERO DE MOTOS
CARWASH MOTO SPA GOLDEN,CARRERA 10 Nro. 6-40,,76895 - ZARZAL,3136332506,3136332506,3136332506,G4520 ** Mantenimiento y reparacion de vehiculos automotores,,,,Lavadero y mantenimiento.
TALLER AUTOMOTRIZ R&S,CALLE 12 G NRO 28 F 32,00460 - EL BOSQUE,76834 - TULUA,3165159017,3126242964,,G4520 ** Mantenimiento y reparacion de vehiculos automotores,,,,Mantenimiento y reparacion de vehiculos automotores
SERVIAUTOS BM,CL 5 5 55,,76100 - BOLIVAR,3225415261,,,H5221 ** Actividades de estaciones  vias y servicios complementarios para el transporte terrestre,G4520 ** Mantenimiento y reparacion de vehiculos automotores,,,Actividades de estaciones  vias y servicios complementarios para el transporte terrestre.Mantenimiento y reparacion de vehiculos automotores.
MONTALLANTAS AREVALO,CR 5 NRO 1-87 B/ LA MARIA,,76113 - BUGALAGRANDE,3155905819,3112539511,,G4520 ** Mantenimiento y reparacion de vehiculos automotores,,,,SERVICIO DE DESPINCHADO DE LLANTAS PARA MOTOS Y CARROS  SUSPENSION RAPIDA Y REVISION DE FRENOS.
TALLER MARULANDA PATIÑO,CLL 6 12 07,,76113 - BUGALAGRANDE,3172605869,,,G4520 ** Mantenimiento y reparacion de vehiculos automotores,,,,Mantenimiento y reparacion de vehiculos automotores
PERITO Y MECANICO PROFESIONAL AUTOMOTRIZ Y MOTOCICLETAS,CALLE 5 NRO. 5 -70,,76895 - ZARZAL,3148456495,3148456495,3153102857,G4520 ** Mantenimiento y reparacion de vehiculos automotores,,,,MANTENIMIENTO Y REPARACION DE VEHICULOS AUTOMOTORES
CENTRO DE MANTENIMIENTO SUPPORTEC,CR 22 B 14 32,00577 - MARACAIBO,76834 - TULUA,3225160898,,,G4520 ** Mantenimiento y reparacion de vehiculos automotores,,,,Mantenimiento y reparación de vehículos automotores
HERNAN POSSO MECAMICA AUTOMOTRIZ,CRA 28 Nro. 36-28,00481 - AVENIDA CALI,76834 - TULUA,3154351105,,,G4520 ** Mantenimiento y reparacion de vehiculos automotores,G4530 ** Comercio de partes  piezas (autopartes) y accesorios (lujos) para vehiculos automotores,,,Mantenimiento y reparacion de vehiculos automotores. Comercio de partes  piezas (autopartes) y accesorios (lujos) para vehiculos automotores.
MULTIREPUESTOS JM,CL 34 A 24 05,00491 - SAJONIA,76834 - TULUA,3162851186,,,G4530 ** Comercio de partes  piezas (autopartes) y accesorios (lujos) para vehiculos automotores,G4520 ** Mantenimiento y reparacion de vehiculos automotores,,,Comercio de partes  piezas (autopartes) y accesorios (lujos) para vehiculos automotores. Mantenimiento y reparacion de vehiculos automotores.
REPARACION DE MOTORES R Y R DIESEL DEL VALLE,CL 21 29 51,00474 - VILLANUEVA,76834 - TULUA,3216958836,,,G4520 ** Mantenimiento y reparacion de vehiculos automotores,,,,MANTENIMIENTO Y REPARACIÓN DE VEHÍCULOS AUTOMOTORES
TALLER AUTO-ELECTRIC,K30        17       06,00451 - ALVERNIA,76834 - TULUA,3162411936,2258421,3162411936,G4520 ** Mantenimiento y reparacion de vehiculos automotores,,,,MANTENIMIENTO Y REPARACION DE VEHICULOS AUTOMOTORES
AQUI PALOMINO,CRA 30 NRO 24 126,,76834 - TULUA,2323972,3174743984,,G4520 ** Mantenimiento y reparacion de vehiculos automotores,,,,reparacion de vehiculos automotores
LAVADERO Y PARQUEADERO CAR WASH LA 21,CL 21 26 57,00480 - TOMÁS URIBE,76834 - TULUA,3103489598,,,G4520 ** Mantenimiento y reparacion de vehiculos automotores,H5221 ** Actividades de estaciones  vias y servicios complementarios para el transporte terrestre,G4732 ** Comercio al por menor de lubricantes (aceites  grasas)  aditivos y productos de limpieza para vehiculos automotores,,Mantenimiento y reparacion de vehiculos automotores Actividades de estaciones  vias y servicios complementarios para el transporte terrestre Comercio al por menor de lubricantes (aceites  grasas)  aditivos y productos de limpieza para vehiculos automotores
DESIGN CAR AUDIO TULUA,CR 26 A 40 75,00486 - EL PRINCIPE,76834 - TULUA,3187402031,,,G4520 ** Mantenimiento y reparacion de vehiculos automotores,,,,REPARACION AUTOMOTRIZ
FORMULA 1 CENTRO DE ESTETICA AUTOMOTRIZ,CALLE 36 Nro. 26 - 29,00492 - SALESIANO,76834 - TULUA,2359305,,,G4520 ** Mantenimiento y reparacion de vehiculos automotores,,,,LAVADO Y ESTETICA AUTOMOTRIZ
MEGALLANTAS DEL VALLE R SAS,CL 13 38 A 166,00461 - EL CONDOR,76834 - TULUA,3104605797,2335666,,G4530 ** Comercio de partes  piezas (autopartes) y accesorios (lujos) para vehiculos automotores,G4520 ** Mantenimiento y reparacion de vehiculos automotores,,,Comercio de partes  piezas (autopartes) y accesorios (lujos) para vehiculos automotores.Mantenimiento y reparacion de vehiculos automotores.
CENTRO REPUESTOS ZARZAL,CALLE 8 NRO. 15-57,,76895 - ZARZAL,3207315018,3207315018,3207315018,G4530 ** Comercio de partes  piezas (autopartes) y accesorios (lujos) para vehiculos automotores,G4520 ** Mantenimiento y reparacion de vehiculos automotores,G4541 ** Comercio de motocicletas y de sus partes  piezas y accesorios,G4542 ** Mantenimiento y reparacion de motocicletas y de sus partes y piezas,COMERCIO DE PARTES  PIEZAS (AUTOPARTES) Y ACCESORIOS (LUJOS) PARA VEHICULOS AUTOMOTORES.  MANTENIMIENTO Y REPARACION DE VEHICULOS AUTOMOTORES.  COMERCIO DE MOTOCICLETAS Y DE SUS PARTES  PIEZAS Y ACCESORIOS.  MANTENIMIENTO Y REPARACION DE MOTOCICLETAS Y DE SUS PARTES Y PIEZAS.
EXCALIBUR TEC.,CL 31 A 36 51,00448 - VICTORIA,76834 - TULUA,3116350396,,,G4520 ** Mantenimiento y reparacion de vehiculos automotores,N8299 ** Otras actividades de servicio de apoyo a las empresas n.c.p.,,,Mantenimiento y reparación de vehículos automotores. Otras actividades de servicio de apoyo a las empresas n.c.p.
TECNI SERVICE GGG,CALLE 26 F Nro.2 OESTE 39,00496 - ASOAGRIN FARFAN,76834 - TULUA,3157244720,,,H4923 ** Transporte de carga por carretera,G4520 ** Mantenimiento y reparacion de vehiculos automotores,,,Transporte de carga por carretera. Mantenimiento y reparación de vehículos automotores.
TALLER LA 28,AV. PPAL AGUACLARA 28  10 CALLEJON MONEDERO,,76834 - TULUA,3235874729,,,G4530 ** Comercio de partes  piezas (autopartes) y accesorios (lujos) para vehiculos automotores,G4520 ** Mantenimiento y reparacion de vehiculos automotores,,,Comercio de partes  piezas (autopartes) y accesorios (lujos) para vehiculos automotores. Mantenimiento y reparacion de vehiculos automotores.
LAVAPARQUEO,CL 25 36 19,00451 - ALVERNIA,76834 - TULUA,3103718065,,,H5221 ** Actividades de estaciones  vias y servicios complementarios para el transporte terrestre,G4520 ** Mantenimiento y reparacion de vehiculos automotores,,,SERVICIO DE PARQUEADERO DE VEHICULOS AUTOMOTORES Y MOTOCICLETAS. SERVICIO DE LAVADO DE VEHICULOS AUTOMOTORES Y MOTOCICLETAS.
PINTUCARS-26,CR 26 38 134,00486 - EL PRINCIPE,76834 - TULUA,2227278,3167155624,,G4520 ** Mantenimiento y reparacion de vehiculos automotores,,,,SERVICIO DE LAMINA Y PINTURA AUTOMOTRIZ.
TALLER GUASCA,CALLE 11 Nro. 4 - 44 BARRIO CENTRO,,76036 - ANDALUCIA,3146229357,,,G4520 ** Mantenimiento y reparacion de vehiculos automotores,G4530 ** Comercio de partes  piezas (autopartes) y accesorios (lujos) para vehiculos automotores,,,Mantenimiento y reparacion de vehiculos automotores.
TRACTOMOTORS S.A.S.,CR 40 33 56,00445 - MIRAFLORES,76834 - TULUA,3173185862,,,G4520 ** Mantenimiento y reparacion de vehiculos automotores,G4530 ** Comercio de partes  piezas (autopartes) y accesorios (lujos) para vehiculos automotores,,,Mantenimiento y reparacion de vehiculos automotores. Comercio de partes  piezas (autopartes) y accesorios (lujos) para vehiculos automotores.
LAVAUTOS NICHE BLUE,CR 26 31 44,00492 - SALESIANO,76834 - TULUA,3154559596,,,G4520 ** Mantenimiento y reparacion de vehiculos automotores,,,,EMBELLECIMIENTO AUTOMOTRIZ.
SERVITECA TECNILLANTAS H.S.,CR 30 16 69,00470 - POPULAR,76834 - TULUA,3166668353,,,G4520 ** Mantenimiento y reparacion de vehiculos automotores,,,,Mantenimiento y reparación de vehículos automotores. venta de llantas de segunda.
TALLER AUTOMOTRIZ NG,CR 29A NO 21 102,00474 - VILLANUEVA,76834 - TULUA,3188364918,,,G4520 ** Mantenimiento y reparacion de vehiculos automotores,,,,Mantenimiento y reparacion de vehiculos automotores
TALLER TULIPAN,CL 27 34 28,00448 - VICTORIA,76834 - TULUA,3122366733,,,G4520 ** Mantenimiento y reparacion de vehiculos automotores,,,,Mantenimiento y reparacion de vehiculos automotores.
AUTOCAMPEROS,K 30       20       04,00474 - VILLANUEVA,76834 - TULUA,2240644,,,G4520 ** Mantenimiento y reparacion de vehiculos automotores,G4530 ** Comercio de partes  piezas (autopartes) y accesorios (lujos) para vehiculos automotores,,,MANTENIMIENTO Y REPARACION DE VEHICULOS
TALLER FIERRO,C  6       8        40,,76895 - ZARZAL,3127513296,3127513296,3127513296,G4520 ** Mantenimiento y reparacion de vehiculos automotores,,,,MANTENIMIENTO Y REPARACION DE VEHICULOS AUTOMOTORES.
TALLER ROMAN,K28 A      20       09,00474 - VILLANUEVA,76834 - TULUA,2305578,3122050402,,G4520 ** Mantenimiento y reparacion de vehiculos automotores,,,,TALLER
LABORATORIO TRACTO DIESEL,K 40        29       25,00444 - JAZMÍN,76834 - TULUA,3122955415,2240715,3122955415,C3312 ** Mantenimiento y reparacion especializado de maquinaria y equipo,G4530 ** Comercio de partes  piezas (autopartes) y accesorios (lujos) para vehiculos automotores,G4520 ** Mantenimiento y reparacion de vehiculos automotores,,MECÁNICA INDUSTRIAL CON SISTEMA DE INYECCIÓN DIESEL  MANTENIMIENTO DE AUTOMOTORES
SERVISUYERS,CALLE 42D  N 33  -  66,00655 - NUEVO FATIMA,76834 - TULUA,3137649558,,,G4520 ** Mantenimiento y reparacion de vehiculos automotores,,,,MANTENIMIENTO PREVENTIVO  DE VEHICULOS
ESTACIÓN DE SERVICIO VALLE,K30        18       06,00474 - VILLANUEVA,76834 - TULUA,2244391,2323560,3176757538,G4732 ** Comercio al por menor de lubricantes (aceites  grasas)  aditivos y productos de limpieza para vehiculos automotores,G4530 ** Comercio de partes  piezas (autopartes) y accesorios (lujos) para vehiculos automotores,G4520 ** Mantenimiento y reparacion de vehiculos automotores,G4731 ** Comercio al por menor de combustible para automotores,COMERCIO AL POR MENOR DE LUBRICANTES COMBUSTIBLE Y LUBRICANTES PARA AUTOMOTORES
REPUESTOS OSPINA JO,K 31        16       60,00456 - SAN VICENTE DE PAUL,76834 - TULUA,2251914,2251914,,G4530 ** Comercio de partes  piezas (autopartes) y accesorios (lujos) para vehiculos automotores,G4520 ** Mantenimiento y reparacion de vehiculos automotores,,,COMERCIO DE PARTES  PIEZAS (AUTOPARTES) Y ACCESORIOS (LUJO) PARA VEHICULOS AUTOMOTORES. MANTENIMIENTO Y REPARACION DE VEHICULOS
ENERGITECA,K 30 21 02,,76834 - TULUA,2244343,,,G4530 ** Comercio de partes  piezas (autopartes) y accesorios (lujos) para vehiculos automotores,G4732 ** Comercio al por menor de lubricantes (aceites  grasas)  aditivos y productos de limpieza para vehiculos automotores,G4520 ** Mantenimiento y reparacion de vehiculos automotores,G4774 ** Comercio al por menor de otros productos nuevos en establecimientos especializados,COMERCIO DE PARTES PIEZAS AUTO PARTES DE ACCESORIOS  COMERCIO AL POR MAYOR DE LUBRICANTES ADICTIVOS Y PRODUCTOS DE LIMPIEZA  MANTENIMIENTO Y REPARACIÓN DE VEHÍCULOS AUTOMOTORES
ALMACEN MULTISERVICIOS,K 38        33       36,00476 - EL CENTRO,76834 - TULUA,2253108,,3014032775,G4520 ** Mantenimiento y reparacion de vehiculos automotores,G4530 ** Comercio de partes  piezas (autopartes) y accesorios (lujos) para vehiculos automotores,,,MANTENIMIENTO Y REPARACION DE VEHICULOS AUTOMOTORES
TALLER AUTOMOTRIZ RICARDO VELEZ,CRA 28 42-10 ESQUINA,00489 - LAS ACACIAS,76834 - TULUA,2253422,3172548670,,G4520 ** Mantenimiento y reparacion de vehiculos automotores,,,,MANTENIMIENTO Y REPARACION DE VEHICULOS AUTOMOTORES
CENTRO AUTOS,CARRERA 27A NRO. 35-53,00492 - SALESIANO,76834 - TULUA,3163438800,3155725325,3163438800,G4520 ** Mantenimiento y reparacion de vehiculos automotores,,,,MANTENIMIENTO Y REPARACION DE VEHICULOS AUTOMOTORES
AGRICOLA AUTOMOTRIZ S.A.S.,CRA 40 NRO 43    -   10,00443 - FATIMA,76834 - TULUA,2257749,,,G4511 ** Comercio de vehiculos automotores nuevos,G4520 ** Mantenimiento y reparacion de vehiculos automotores,G4530 ** Comercio de partes  piezas (autopartes) y accesorios (lujos) para vehiculos automotores,,COMERCIALIZACION DE VEHICULO NUEVOS  MANTENIMIENTO Y REPARACION DE VEHICULOS Y COMERCIO DE PARTES Y ACCESORIOS PARA VEHICULOS AUTOMOTORES
AUTOLAVADO SAN DIEGO VALENCIA,K 20        23       45,00477 - ESCOBAR,76834 - TULUA,3162547349,2320828,,H5221 ** Actividades de estaciones  vias y servicios complementarios para el transporte terrestre,G4520 ** Mantenimiento y reparacion de vehiculos automotores,,,ACTIVIDADES DE ESTACIONES  VIAS Y SERVICIOS COMPLEMENTARIOS PARA EL TRANSPORTE TERRESTRE
CENTRO MOTORS S.A.,K40        26       50,00456 - SAN VICENTE DE PAUL,76834 - TULUA,2339713,,,G4511 ** Comercio de vehiculos automotores nuevos,G4520 ** Mantenimiento y reparacion de vehiculos automotores,G4530 ** Comercio de partes  piezas (autopartes) y accesorios (lujos) para vehiculos automotores,K6621 ** Actividades de agentes y corredores de seguros,VENTA AL POR MENOR DE VEHÍCULOS NUEVOS  REPUESTOS Y ACCESORIOS DE LOS MISMOS  MANTENIMIENTO Y REPARACIÓN DE VEHÍCULOS AUTOMOTORES. VENTA DE SEGUROS
TALLER ARISTIZABAL,K 28        36       28,00481 - AVENIDA CALI,76834 - TULUA,3006529203,2258821,3006529203,G4520 ** Mantenimiento y reparacion de vehiculos automotores,,,,MANTENIMIENTO Y REPARACION DE VEHICULOS AUTOMOTORES
TALLER CASTRILLON,CARRERA  25C 14B   55 1ER PISO ESQUINA,00575 - LA GRACIELA,76834 - TULUA,3175751333,,,G4520 ** Mantenimiento y reparacion de vehiculos automotores,,,,MANTENIMIENTO DE VEHÍCULOS
TALLER ELECTRO AIRES Y AIRES,K 40        29       06,00446 - PANAMERICANO,76834 - TULUA,3155536463,3155536463,3155536463,G4520 ** Mantenimiento y reparacion de vehiculos automotores,G4530 ** Comercio de partes  piezas (autopartes) y accesorios (lujos) para vehiculos automotores,,,MANTENIMIENTO Y REPARACION DE VEHICULOS AUTOMOTORES COMERCIO DE PARTES  PIEZAS (AUTOPARTES) Y ACCESORIOS (LUJOS) PARA VEHICULOS AUTOMOTORES
AUTO- MAZDA,K29        23       25,00474 - VILLANUEVA,76834 - TULUA,2257233,3164924701,,G4520 ** Mantenimiento y reparacion de vehiculos automotores,,,,MANTENIMIENTO Y REPARACION DE VEHICULOS AUTOMOTORES
TECNHIDRAULICO,K 40       31            66,00445 - MIRAFLORES,76834 - TULUA,3136081457,3158493017,,G4520 ** Mantenimiento y reparacion de vehiculos automotores,C3312 ** Mantenimiento y reparacion especializado de maquinaria y equipo,G4530 ** Comercio de partes  piezas (autopartes) y accesorios (lujos) para vehiculos automotores,,MANTENIMIENTO Y REPARACION DE VEHICULOS AUTOMOTORES MANTENIMIENTO Y REPARACION ESPECIALIZADO DE MAQUINARIA Y EQUIPO COMERCIO DE PARTES  PIEZAS (AUTOPARTES) Y ACCESORIOS (LUJOS) PARA VEHICULOS AUTOMOTORES
TRACTO FORD,K  7        22A      11,00519 - LAS AMÉRICAS,76834 - TULUA,2326599,,3117442674,G4520 ** Mantenimiento y reparacion de vehiculos automotores,,,,MANTENIMIENTO Y REPARACIÓN DE VEHÍCULOS AUTOMOTORES
ESTACION SAN ANTONIO,CRA 30 N° 18 - 56,00474 - VILLANUEVA,76834 - TULUA,2333344,3176583790,,G4731 ** Comercio al por menor de combustible para automotores,G4520 ** Mantenimiento y reparacion de vehiculos automotores,G4542 ** Mantenimiento y reparacion de motocicletas y de sus partes y piezas,,COMERCIO AL POR MENOR DE COMBUSTIBLE PARA AUTOMOTORES
TAPICES COSMOS,CLL 30      34A  - 14,00448 - VICTORIA,76834 - TULUA,3152881371,2241256,3152881371,S9524 ** Reparacion de muebles y accesorios para el hogar,G4520 ** Mantenimiento y reparacion de vehiculos automotores,,,REPARACION DE MUEBLES Y ACCESORIOS PARA EL HOGAR MANTENIMIENTO Y REPARACION DE VEHICULOS AUTOMOTORES
MUELLES LA 40,K40        28 C     44,00446 - PANAMERICANO,76834 - TULUA,3182553972,2246924,3182553972,G4520 ** Mantenimiento y reparacion de vehiculos automotores,G4530 ** Comercio de partes  piezas (autopartes) y accesorios (lujos) para vehiculos automotores,,,MANTENIMIENTO Y REPARACION DE VEHICULOS AUTOMOTORES COMERCIO DE PARTES  PIEZAS (AUTOPARTES) Y ACCESORIOS (LUJOS) PARA VEHICULOS AUTOMOTORES
ESTACION Y SERVITECA LOS PROFESIONALES,K27 A      34       17,00481 - AVENIDA CALI,76834 - TULUA,2249099,,,G4731 ** Comercio al por menor de combustible para automotores,S9601 ** Lavado y limpieza  incluso la limpieza en seco  de productos textiles y de piel,G4732 ** Comercio al por menor de lubricantes (aceites  grasas)  aditivos y productos de limpieza para vehiculos automotores,G4520 ** Mantenimiento y reparacion de vehiculos automotores,COMERCIO AL POR MENOR DE COMBUSTIBLES Y LUBRICANTES
CARD LLANTAS,CR 40 # 37 - 51,00442 - EL RETIRO,76834 - TULUA,3108913046,3738010,,G4530 ** Comercio de partes  piezas (autopartes) y accesorios (lujos) para vehiculos automotores,G4520 ** Mantenimiento y reparacion de vehiculos automotores,,,COMERCIO DE PARTES  PIEZAS (AUTOPARTES) Y ACCESORIOS (LUJOS) PARA VEHICULOS AUTOMOTORES     MANTENIMIENTO Y REPARACION DE VEHICULOS AUTOMOTORES
TALLER AUTOASOCIADOS,K30        19       08,00474 - VILLANUEVA,76834 - TULUA,2256323,,,G4520 ** Mantenimiento y reparacion de vehiculos automotores,,,,MANTENIMIENTO Y REPARACION DE VEHICULOS AUTOMOTORES
AUTOMOTRIZ  NELSON,CARRERA 11 Nro.5 -01,,76895 - ZARZAL,2209913,3127327317,3127327317,G4520 ** Mantenimiento y reparacion de vehiculos automotores,,,,MANTENIMIENTO Y REPARACION DE VEHICULOS AUTOMOTORES
TALLER ROLDAN,CR 30 16 49,00451 - ALVERNIA,76834 - TULUA,2259393,,3137401902,G4520 ** Mantenimiento y reparacion de vehiculos automotores,,,,MANTENIMIENTO Y REPARACION DE VEHICULOS AUTOMOTORES
TODO GUAYAS,C 21       30       20,00452 - CESPEDES,76834 - TULUA,2262129,,,G4530 ** Comercio de partes  piezas (autopartes) y accesorios (lujos) para vehiculos automotores,G4520 ** Mantenimiento y reparacion de vehiculos automotores,,,COMERCIO DE PARTES  PIEZAS (AUTOPARTES) Y ACCESORIOS (LUJOS) PARA VEHICULOS AUTOMOTORES
TALLER CENTRAUTOS,CRA  41      29      31,00444 - JAZMÍN,76834 - TULUA,2242044,,,G4520 ** Mantenimiento y reparacion de vehiculos automotores,,,,MANTENIMIENTO Y REPARACIÓN DE VEHÍCULOS AUTOMOTORES
ALMACEN Y TALLER CHEVROAUTOS,CRA 33 NO. 36 71,00443 - FATIMA,76834 - TULUA,3174771013,,,G4520 ** Mantenimiento y reparacion de vehiculos automotores,G4530 ** Comercio de partes  piezas (autopartes) y accesorios (lujos) para vehiculos automotores,,,SERVICIO MANTENIMIENTO AUTOMOTRIZ
TECNIOSKAR,CALLE 21 N 30 -15,00452 - CESPEDES,76834 - TULUA,3148281524,,,G4520 ** Mantenimiento y reparacion de vehiculos automotores,,,,MANTENIMIENTO DE VEHÍCULOS AUTOMOTORES
LLANTAS AGRICOLAS S.A.S.,K 40        42B      22,00450 - VILLA DEL RÍO,76834 - TULUA,2262979,,,G4530 ** Comercio de partes  piezas (autopartes) y accesorios (lujos) para vehiculos automotores,G4520 ** Mantenimiento y reparacion de vehiculos automotores,K6621 ** Actividades de agentes y corredores de seguros,,COMERCIO DE PIEZAS Y AUTOPARTES
BIELAUTO,K30        23       27,00452 - CESPEDES,76834 - TULUA,3178002424,,3178002424,G4520 ** Mantenimiento y reparacion de vehiculos automotores,,,,MANTENIMIENTO Y REPARACION DE VEHICULOS AUTOMOTORES
SEGURAUTOS TULUA,C13        38 B     53,00468 - MORALES,76834 - TULUA,2257595,,,G4520 ** Mantenimiento y reparacion de vehiculos automotores,,,,MANTENIMIENTO Y REPARACION DE VEHICULOS AUTOMOTORES
GENTE COOL,CARRERA 47 NRO 35 B 05 OFICINA 302 EDIFICIO ELIM,00449 - VILLA CAMPESTRE,76834 - TULUA,3162343639,,,C3312 ** Mantenimiento y reparacion especializado de maquinaria y equipo,G4520 ** Mantenimiento y reparacion de vehiculos automotores,,,MANTENIMIENTO Y REPARACION ESPECIALIZADO DE MAQUINARIA Y EQUIPO
EDS. ENTRE RIOS,K 30        16       03,00453 - ENTRE RIOS,76834 - TULUA,2252510,,3147943875,G4731 ** Comercio al por menor de combustible para automotores,G4732 ** Comercio al por menor de lubricantes (aceites  grasas)  aditivos y productos de limpieza para vehiculos automotores,G4520 ** Mantenimiento y reparacion de vehiculos automotores,,COMERCIO AL POR MENOR DE LUBRICANTES (ACEITES  GRASAS)  ADITIVOS Y PRODUCTOS DE LIMPIEZA PARA VEHICULOS AUTOMOTORES
TALLER DE SERVICIO ELECTRICO HERNAN,C 24        31       40,00452 - CESPEDES,76834 - TULUA,3113832173,2262421,3113832173,G4520 ** Mantenimiento y reparacion de vehiculos automotores,,,,MANTENIMIENTO Y REPARACION DE VEHICULOS AUTOMOTORES
TALLER METALMECANICO MAZUERA,K 29 Nº 17-65,00470 - POPULAR,76834 - TULUA,3187563001,,,G4520 ** Mantenimiento y reparacion de vehiculos automotores,,,,MANTENIMIENTO Y REPARACION DE VEHICULOS AUTOMOTORES
LAVATECA LA 20,K20        22       21,00477 - ESCOBAR,76834 - TULUA,3104899002,3104899002,3104899002,G4520 ** Mantenimiento y reparacion de vehiculos automotores,,,,LAVADO DE VEHICULOS
TALLER MARTINEZ,K28 A      18       26,00474 - VILLANUEVA,76834 - TULUA,3136021958,,,G4520 ** Mantenimiento y reparacion de vehiculos automotores,,,,MANTENIMIENTO Y REPARACION DE VEHICULOS AUTOMOTRIZ
SERVIAUTOS DEL SUR,CL 36        33         16,00448 - VICTORIA,76834 - TULUA,2316621,3116407289,,G4520 ** Mantenimiento y reparacion de vehiculos automotores,G4530 ** Comercio de partes  piezas (autopartes) y accesorios (lujos) para vehiculos automotores,G4541 ** Comercio de motocicletas y de sus partes  piezas y accesorios,,MANTENIMIENTO Y REPARACION DE VEHICULOS AUTOMOTORES COMERCIO DE PARTES  PIEZAS (AUTOPARTES) Y ACCESORIOS (LUJOS) PARA VEHICULOS AUTOMOTORES
TECNIFRENOS,CARRERA 40 NRO. 27- 64,00446 - PANAMERICANO,76834 - TULUA,3159270674,2255419,,G4520 ** Mantenimiento y reparacion de vehiculos automotores,G4530 ** Comercio de partes  piezas (autopartes) y accesorios (lujos) para vehiculos automotores,,,MANTENIMIENTO Y REPARACION DE VEHICULOS AUTOMOTORES COMERCIO DE PARTES  PIEZAS (AUTOPARTES) Y ACCESORIOS (LUJOS) PARA VEHICULOS AUTOMOTORES
LAVATECA LA 23,CR 23 18 48,00577 - MARACAIBO,76834 - TULUA,3173759476,2259666,,G4520 ** Mantenimiento y reparacion de vehiculos automotores,,,,MANTENIMIENTO Y REPARACION DE VEHICULOS AUTOMOTORES
MONTAJE Y REPARACION AUTOMATICO DE LLANTAS WILSON,CRA 36 26 29,00448 - VICTORIA,76834 - TULUA,3164525042,,3206866137,G4520 ** Mantenimiento y reparacion de vehiculos automotores,,,,MANTENIMIENTO Y REPARACION DE VEHICULOS AUTOMOTORES
MECANIZADOS INDUSTRIALES,K 40        28       30,00457 - SANTA LUCIA,76834 - TULUA,2251008,,3176368379,F4290 ** Construccion de otras obras de ingenieria civil,G4520 ** Mantenimiento y reparacion de vehiculos automotores,,,FABRICACIÓN DE ESTRUCTURAS METÁLICAS
VULCANIZADORA DUQUE,K  5        19       40,,76036 - ANDALUCIA,3117062248,3117062248,,G4520 ** Mantenimiento y reparacion de vehiculos automotores,,,,MANTENIMIENTO Y REPARACION DE VEHICULOS AUTOMOTORES
VULCANIZADORA ARANGO,C27        17       72,00500 - LA ESPERANZA,76834 - TULUA,3183799830,2247941,,G4520 ** Mantenimiento y reparacion de vehiculos automotores,,,,MANTENIMIENTO Y REPARACION DE VEHICULOS AUTOMOTORES
TALLER EL FLACO,CL 20        28B      43,00474 - VILLANUEVA,76834 - TULUA,3174597013,2250583,3167567392,G4520 ** Mantenimiento y reparacion de vehiculos automotores,,,,MANTENIMIENTO Y REPARACION DE VEHICULOS AUTOMOTORES
LLANTOTAS,C 5        7             13,,76895 - ZARZAL,2035519,3183493519,,G4530 ** Comercio de partes  piezas (autopartes) y accesorios (lujos) para vehiculos automotores,G4732 ** Comercio al por menor de lubricantes (aceites  grasas)  aditivos y productos de limpieza para vehiculos automotores,K6621 ** Actividades de agentes y corredores de seguros,G4520 ** Mantenimiento y reparacion de vehiculos automotores,COMERCIO DE PARTES  PIEZAS AUTOPARTES Y ACCESORIOS LUJOS PARA VEHICULOS AUTOMOTORESCOMERCIO AL POR MENOR DE LUBRICANTES ACEITES  GRASAS  ADITIVOS Y PRODUCTOS DE LIMPIEZA PARA VEHICULOS AUTOMOTORESACTIVIDADES DE AGENTES Y CORREDORES DE SEGUROSMANTENIMIENTO Y REPARACION DE VEHICULOS AUTOMOTORES
MULTISERVICIOS EL TRIANGULO,C5         10       61,,76895 - ZARZAL,2206705,2206176,3174448676,G4520 ** Mantenimiento y reparacion de vehiculos automotores,,,,SERVICIOS TECNICOS VEHICULARES
PINTUVIDRIOS,K30        19       12,00470 - POPULAR,76834 - TULUA,2320238,,3147895794,G4530 ** Comercio de partes  piezas (autopartes) y accesorios (lujos) para vehiculos automotores,G4520 ** Mantenimiento y reparacion de vehiculos automotores,G4752 ** Comercio al por menor de articulos de ferreteria  pinturas y productos de vidrio en establecimientos especializados,,COMPRA Y VENTA DE VIDRIOS Y ACCESORIOS PARA VEHICULOS Y PINTURAS EN GENERAL AUTOMOTRIZ
AUTOGAS GAS NATURAL VEHICULAR S.A.S,C 23        39       15,00451 - ALVERNIA,76834 - TULUA,2321505,,,C2930 ** Fabricacion de partes  piezas (autopartes) y accesorios (lujos) para vehiculos automotores,G4520 ** Mantenimiento y reparacion de vehiculos automotores,,,FABRICACION DE PARTES  PIEZAS (AUTOPARTES) Y ACCESORIOS (LUJOS) PARA VEHICULOS AUTOMOTORES
SOPORCAUCHOS EL MAGO,K 28       20  A         05,00480 - TOMÁS URIBE,76834 - TULUA,3154722375,2258759,3154722375,E3830 ** Recuperacion de materiales,G4520 ** Mantenimiento y reparacion de vehiculos automotores,,,SOPORTES PARA CARROS Y MOTOS Y MECÁNICA
DECAL WORKS,K 30        22       78,00457 - SANTA LUCIA,76834 - TULUA,2245752,,,M7310 ** Publicidad,G4520 ** Mantenimiento y reparacion de vehiculos automotores,,,PUBLICIDAD
ANTONIO SEGUNDO NUÑEZ MURCIA,CALLE  5  N 6A  -  47,,76895 - ZARZAL,2209242,3113541965,3113541965,G4520 ** Mantenimiento y reparacion de vehiculos automotores,G4530 ** Comercio de partes  piezas (autopartes) y accesorios (lujos) para vehiculos automotores,,,MANTENIMIENTO Y REPARACION DE VEHICULOS AUTOMOTORES
FRENOS DE AIRE YELA - TULUA,K 40        28C      02,00446 - PANAMERICANO,76834 - TULUA,2241106,,3156604509,G4530 ** Comercio de partes  piezas (autopartes) y accesorios (lujos) para vehiculos automotores,G4520 ** Mantenimiento y reparacion de vehiculos automotores,,,COMERCIO DE PARTES  PIEZAS Y ACCESORIOS PARA VEHÍCULOS AUTOMOTORES. MANTENIMIENTO Y REPARACIÓN DE VEHÍCULOS AUTOMOTORES.
TALLER   NEVALMOTOS,C  5         6A       9,,76895 - ZARZAL,2209376,3116187937,3116187937,G4773 ** Comercio al por menor de productos farmaceuticos y medicinales  cosmeticos y articulos de tocador en establecimientos especializados,G4520 ** Mantenimiento y reparacion de vehiculos automotores,,,MANTENIMIENTO Y REPARACIÓN DE VEHÍCULOS AUTOMOTORES.
CARROS TULUA.COM,K 40       29            57,00444 - JAZMÍN,76834 - TULUA,3158108673,,3158108673,H5221 ** Actividades de estaciones  vias y servicios complementarios para el transporte terrestre,G4520 ** Mantenimiento y reparacion de vehiculos automotores,G4512 ** Comercio de vehiculos automotores usados,,ACTIVIDADES DE ESTACIONES  VIAS Y SERVICIOS COMPLEMENTARIOS PARA EL TRANSPORTE TERRESTRE MANTENIMIENTO Y REPARACION DE VEHICULOS AUTOMOTORES COMERCIO DE VEHICULOS AUTOMOTORES USADOS
LAVADERO SOLIS UNO A,CRA 26 N° 22-33,00480 - TOMÁS URIBE,76834 - TULUA,3232447098,,,G4520 ** Mantenimiento y reparacion de vehiculos automotores,,,,LAVADERO DE VEHICULOS
FERDO AUTOS,K 29A       21       85,00474 - VILLANUEVA,76834 - TULUA,2321821,,3166269054,G4520 ** Mantenimiento y reparacion de vehiculos automotores,,,,MANTENIMIENTO Y REPARACIÓN DE VEHÍCULOS AUTOMOTORES
TALLER LUIS CANO,C 21        22       38,00479 - PALOBONITO,76834 - TULUA,3173822129,,3173822129,G4520 ** Mantenimiento y reparacion de vehiculos automotores,,,,MANTENIMIENTO Y REPARACION DE VEHICULOS AUTOMOTORES
TALLER VELANDIAUTOS,K 28        39       58,00481 - AVENIDA CALI,76834 - TULUA,2258239,,3117025335,G4530 ** Comercio de partes  piezas (autopartes) y accesorios (lujos) para vehiculos automotores,G4520 ** Mantenimiento y reparacion de vehiculos automotores,,,TERMINACIÓN Y ACABADO DE EDIFICIOS Y OBRAS DE INGENIERÍA CIVIL .
TALLER R.D. AUTOS,CL 5 A 7 01,,76895 - ZARZAL,3163612061,3163612061,3163612061,G4520 ** Mantenimiento y reparacion de vehiculos automotores,,,,MANTENIMIENTO Y REPARACION DE VEHICULOS AUTOMOTORES
TECNICOS AUTOMOTRIZ CORTES CARROCERIAS,K 27A       37       99,00481 - AVENIDA CALI,76834 - TULUA,3116022822,2262672,,G4520 ** Mantenimiento y reparacion de vehiculos automotores,C2920 ** Fabricacion de carrocerias para vehiculos automotores  fabricacion de remolques y semirremolques,,,MANTENIMIENTO Y REPARACION DE VEHICULOS  FABRICACION DE CARROCERIAS PARA VEHICULOS AUTOMOTORES
SERVI CAR ELECTRICO,K 19        30       94,00507 - PUEBLO NUEVO,76834 - TULUA,3164419772,2250005,3164419772,G4520 ** Mantenimiento y reparacion de vehiculos automotores,G4530 ** Comercio de partes  piezas (autopartes) y accesorios (lujos) para vehiculos automotores,,,TALLER DE CARROS
TECNO TALLER GIRALDO,K 29A       21       80,00474 - VILLANUEVA,76834 - TULUA,2240682,2240682,3175884123,G4530 ** Comercio de partes  piezas (autopartes) y accesorios (lujos) para vehiculos automotores,G4520 ** Mantenimiento y reparacion de vehiculos automotores,G4541 ** Comercio de motocicletas y de sus partes  piezas y accesorios,,MANTENIMIENTO Y REPARACION DE VEHICULOS  VENTA DE PARTES  PIEZAS Y ACCESORIOS PARA VEHICULOS AUTOMOTORES
TALLER AC AUTOMOTRIZ,CR 33 A 25 61,00446 - PANAMERICANO,76834 - TULUA,2333330,,3155889933,G4520 ** Mantenimiento y reparacion de vehiculos automotores,,,,MANTENIMIENTO Y REPARACION DE VEHICULOS AUTOMOTORES
SERBIO - CAR,CL 14 NRO 22A-12,00577 - MARACAIBO,76834 - TULUA,2315697,3117617350,3148168405,G4520 ** Mantenimiento y reparacion de vehiculos automotores,,,,LAVADO  DESINFECCION CON MANEJO DE PROTOCOLOS DE BIOSEGURIDAD.
MULTISERVICIOS PASIMINIO,CALLE  21  NRO  28 A - 43,00474 - VILLANUEVA,76834 - TULUA,3147624401,,3147624401,G4520 ** Mantenimiento y reparacion de vehiculos automotores,,,,MANTENIMIENTO Y REPARACION DE VEHICULOS AUTOMOTORES
EXOSTOS CORREA,K 30        16       51,00453 - ENTRE RIOS,76834 - TULUA,3127367720,3105387803,3105387803,G4520 ** Mantenimiento y reparacion de vehiculos automotores,,,,MANTENIMIENTO Y REPARACION DE VEHICULOS AUTOMOTORES
SERVINACHO CAMPO VARGAS,K 27A       37      118,00481 - AVENIDA CALI,76834 - TULUA,3159267852,3159267852,2262911,G4520 ** Mantenimiento y reparacion de vehiculos automotores,,,,MANTENIMIENTO DE VEHICULOS AUTOMOTORES
ELECTRO MAQUINARIA VICTORIA,MANZANA M CASA 4 LA PAZ,00578 - PORTALES DEL RIO,76834 - TULUA,2303724,3108394797,3188268007,G4520 ** Mantenimiento y reparacion de vehiculos automotores,,,,MANTENIMIENTO DE VEHICULOS
AUTOMAS SERVICENTRO C.A.S.,C 27        16       29,,76834 - TULUA,3113638305,2254794,,G4520 ** Mantenimiento y reparacion de vehiculos automotores,,,,MANTENIMIENTO Y REPARACION DE VEHICULOS AUTOMOTORES
FULL RACING GEO,T 12        20       46,00528 - RUBÉN CRUZ VÉLEZ,76834 - TULUA,3165393023,,,G4541 ** Comercio de motocicletas y de sus partes  piezas y accesorios,G4520 ** Mantenimiento y reparacion de vehiculos automotores,,,COMERCIO DE MOTOCICLETAS Y DE SUS PARTES  PIEZAS Y ACCESORIOS MANTENIMIENTO Y REPARACION DE VEHICULOS AUTOMOTORES
SERVITAXIS DEL PARQUE INFANTIL,CRA 29   27 39,00476 - EL CENTRO,76834 - TULUA,2258096,,,G4530 ** Comercio de partes  piezas (autopartes) y accesorios (lujos) para vehiculos automotores,G4520 ** Mantenimiento y reparacion de vehiculos automotores,,,COMERCIO DE PARTES PIEZAS Y ACCESORIOS - LUJOS PARA VEHICULOS AUTOMOTORES
LAVADERO Y PARQUEADERO LAS DELICIAS CALLE 26A,C 26A       15       51,00501 - LAS DELICIAS,76834 - TULUA,3183133808,3183133808,,H5221 ** Actividades de estaciones  vias y servicios complementarios para el transporte terrestre,G4520 ** Mantenimiento y reparacion de vehiculos automotores,G4724 ** Comercio al por menor de bebidas y productos del tabaco  en establecimientos especializados,,ACTIVIDADES DE ESTACIONES  VIAS Y SERVICIOS COMPLEMENTARIOS PARA EL TRANSPORTE TERRESTRE MANTENIMIENTO Y REPARACION DE VEHICULOS AUTOMOTORES COMERCIO AL POR MENOR DE BEBIDAS Y PRODUCTOS DEL TABACO  EN ESTABLECIMIENTOS ESPECIALIZADOS
MECANICA AUTOMOTRIZ ARCE,K 29 28 45,00448 - VICTORIA,76834 - TULUA,2258974,3154474217,,G4520 ** Mantenimiento y reparacion de vehiculos automotores,,,,MECANICA AUTOMOTRIZ GENERAL
LUBRILLANTAS CRUBOR,C 13        38C      06,00461 - EL CONDOR,76834 - TULUA,3165698304,,3167446438,G4530 ** Comercio de partes  piezas (autopartes) y accesorios (lujos) para vehiculos automotores,G4732 ** Comercio al por menor de lubricantes (aceites  grasas)  aditivos y productos de limpieza para vehiculos automotores,G4520 ** Mantenimiento y reparacion de vehiculos automotores,,COMERCIALIZACION DE LLANTAS LUBRICANTES BATERIAS SERVICIOS
JHON JAIRO CASTAÑO LOPEZ,K 40 NRO 42 B 16,00450 - VILLA DEL RÍO,76834 - TULUA,3162553629,,3162553629,G4520 ** Mantenimiento y reparacion de vehiculos automotores,,,,MANTENIMIENTO Y REPARACION DE VEHICULOS AUTOMOTORES
SERVILLANTAS Y AUTOPARTES LA 30,K 30       16            69,00453 - ENTRE RIOS,76834 - TULUA,2244507,3233669018,,G4530 ** Comercio de partes  piezas (autopartes) y accesorios (lujos) para vehiculos automotores,G4520 ** Mantenimiento y reparacion de vehiculos automotores,,,MANTENIMIENTO Y REPARACION DE VEHICULOS AUTOMOTORES
EXOSTOS JOSE,K 29A       22A      40,00474 - VILLANUEVA,76834 - TULUA,3152767952,,3152767952,G4520 ** Mantenimiento y reparacion de vehiculos automotores,,,,SOLDADURA DE EXOSTOS
VULCANIZADORA LOSADA,K 40        28       58,00446 - PANAMERICANO,76834 - TULUA,3152688538,3152688538,,G4520 ** Mantenimiento y reparacion de vehiculos automotores,,,,MANTENIMIENTO Y REPARACION DE VEHICULOS AUTOMOTORES
ALMACEN Y TALLER CLINIBOMBAS H2O,CAR 30 24 42,00474 - VILLANUEVA,76834 - TULUA,3154717178,,3154717178,G4520 ** Mantenimiento y reparacion de vehiculos automotores,,,,MANTENIMIENTO Y REPARACIÓN DE VEHÍCULOS AUTOMOTORES
MONTALLANTAS EL RETEN DE LA URIBE,CGTO URIBE FRENTE AL PARADOR ROJO,,76113 - BUGALAGRANDE,3207458227,3207458227,,G4520 ** Mantenimiento y reparacion de vehiculos automotores,,,,MANTENIMIENTO Y REPARACION DE VEHICULOS AUTOMOTORES
WILSON MUELLES,CL 18 29 27,00470 - POPULAR,76834 - TULUA,3178534726,,,G4520 ** Mantenimiento y reparacion de vehiculos automotores,G4530 ** Comercio de partes  piezas (autopartes) y accesorios (lujos) para vehiculos automotores,,,MANTENIMIENTO Y REPARACION DE VEHICULOS AUTOMOTORES COMERCIO DE PARTES  PIEZAS (AUTOPARTES) Y ACCESORIOS (LUJOS) PARA VEHICULOS AUTOMOTORES
PARQUEADERO Y LAVADERO DONDE MAYOR,C  1        19       85,00553 - BOSQUES DE MARACAIBO,76834 - TULUA,2303128,,3106445852,G4520 ** Mantenimiento y reparacion de vehiculos automotores,H5221 ** Actividades de estaciones  vias y servicios complementarios para el transporte terrestre,,,MANTENIMIENTO Y REPARACION DE VEHICULOS AUTOMOTORES
TALLER ELECTRO INYECCION M L,CR 30 17 62,00470 - POPULAR,76834 - TULUA,2240599,,,G4520 ** Mantenimiento y reparacion de vehiculos automotores,G4530 ** Comercio de partes  piezas (autopartes) y accesorios (lujos) para vehiculos automotores,,,MANTENIMIENTO Y REPARACION DE VEHICULOS AUTOMOTORES
TALLER OSPINA - SOLO PASTILLAS,K 31 16-60 B/ ENTRE RIOS,00453 - ENTRE RIOS,76834 - TULUA,2251914,2251829,3128182425,G4520 ** Mantenimiento y reparacion de vehiculos automotores,G4530 ** Comercio de partes  piezas (autopartes) y accesorios (lujos) para vehiculos automotores,,,MANTENIMIENTO Y REPARACION DE VEHICULOS. COMERCIO DE PARTES PIEZAS Y ACCESORIOS PARA VEHICULOS.
TODO AUTOS ORLANDO,K 29        12 I      07,00460 - EL BOSQUE,76834 - TULUA,3122950361,,,G4520 ** Mantenimiento y reparacion de vehiculos automotores,,,,MECÁNICA
GRUPO EMPRESARIAL EN COMBUSTIBLES LIMPIOS DIESELGAS S.A.S,CR 27 BIS 40  189,00481 - AVENIDA CALI,76834 - TULUA,2326304,,,G4520 ** Mantenimiento y reparacion de vehiculos automotores,,,,MANTENIMIENTO Y REPARACION DE VEHICULOS AUTOMOTORES
AUTO ALAMO,K 40        43         88,00450 - VILLA DEL RÍO,76834 - TULUA,2256938,,,G4511 ** Comercio de vehiculos automotores nuevos,G4530 ** Comercio de partes  piezas (autopartes) y accesorios (lujos) para vehiculos automotores,G4520 ** Mantenimiento y reparacion de vehiculos automotores,,COMERCIO DE VEHICULOS AUTOMOTORES NUEVOS. COMERCIO DE PARTES  PIEZAS (AUTOPARTES) Y ACCESORIOS (LUJOS) PARA VEHICULOS AUTOMOTORES. MANTENIMIENTO Y REPARACION DE VEHICULOS AUTOMOTORES
AUTOLLANTAS AS,C 25        31       06,00452 - CESPEDES,76834 - TULUA,2250569,,,G4520 ** Mantenimiento y reparacion de vehiculos automotores,,,,MANTENIMIENTO REPARACION DE VEHICULOS COMERCIALIZACION DE REPUESTOS
AGRICULTURA Y SERVICIOS S.A.S,CRA 40    NRO  27 - 04,,76834 - TULUA,2535454,2561103,3108462421,G4664 ** Comercio al por mayor de productos quimicos basicos  cauchos y plasticos en formas primarias y productos quimicos de uso agropecuario,A0161 ** Actividades de apoyo a la agricultura,H4923 ** Transporte de carga por carretera,G4520 ** Mantenimiento y reparacion de vehiculos automotores,COMERCIALIZACION DE INSUMOS DE USO AGRICOLA  LLANTAS  ACEITES  SERVICIOS SERVITECA
TALLER AUTO MOTORES PITUFO DE LA 38,K 40       31            68,00445 - MIRAFLORES,76834 - TULUA,2328813,3167125756,,G4520 ** Mantenimiento y reparacion de vehiculos automotores,,,,MANTENIMIENTO Y REPARACION DE VEHICULOS AUTOMOTORES
HOTEL Y LAVADERO ESTAMBUL,K 40        13       10,00463 - ESTAMBUL,76834 - TULUA,3183572576,,,I5511 ** Alojamiento en hoteles,G4520 ** Mantenimiento y reparacion de vehiculos automotores,,,SERVICIO DE HOSPEDAJE Y LAVADO DE VEHICULOS
PARQUEADERO LA VARIANTE JPM,K 40        28       35,00444 - JAZMÍN,76834 - TULUA,3117172465,,,H5221 ** Actividades de estaciones  vias y servicios complementarios para el transporte terrestre,G4520 ** Mantenimiento y reparacion de vehiculos automotores,A0150 ** Explotacion mixta (agricola y pecuaria),A0124 ** Cultivo de caña de azucar,ACTIVIDADES DE ESTACIONES  VÍAS Y SERVICIOS COMPLEMENTARIOS PARA EL TRANSPORTE TERRESTRE
MASCALCAS,K 30        24       24,00452 - CESPEDES,76834 - TULUA,3207977546,,,M7310 ** Publicidad,G4520 ** Mantenimiento y reparacion de vehiculos automotores,,,PUBLICIDAD
HAWAII CAR WASH LA 7,CL 7 CR 6 NRO 6 - 18 BRR CENTRO,,76113 - BUGALAGRANDE,3117510631,3117510631,3117510631,G4520 ** Mantenimiento y reparacion de vehiculos automotores,H5221 ** Actividades de estaciones  vias y servicios complementarios para el transporte terrestre,,,MANTENIMIENTO Y REPARACIÓN DE VEHÍCULOS AUTOMOTORES. ACTIVIDADES DE ESTACIONES  VÍAS Y SERVICIOS COMPLEMENTARIOS PARA EL TRANSPORTE TERRESTRE.
TRACTOPARTES DE LA MONTAÑA,K 40        28       18,00446 - PANAMERICANO,76834 - TULUA,2258016,,3175160590,G4530 ** Comercio de partes  piezas (autopartes) y accesorios (lujos) para vehiculos automotores,G4732 ** Comercio al por menor de lubricantes (aceites  grasas)  aditivos y productos de limpieza para vehiculos automotores,G4520 ** Mantenimiento y reparacion de vehiculos automotores,,COMERCIO DE PARTES  PIEZAS (AUTOPARTES) Y ACCESORIOS (LUJOS) PARA VEHICULOS AUTOMOTORES
SERVICIOS A.B.M,K 40        42B      22,00450 - VILLA DEL RÍO,76834 - TULUA,3153619522,,,G4520 ** Mantenimiento y reparacion de vehiculos automotores,G4530 ** Comercio de partes  piezas (autopartes) y accesorios (lujos) para vehiculos automotores,,,COMERCIO DE AUTOPARTES
RECTIFICADORA DE MOTORES LA NUEVA IMAGEN FENIX,C 23        26       42,00480 - TOMÁS URIBE,76834 - TULUA,2243631,,,G4520 ** Mantenimiento y reparacion de vehiculos automotores,,,,MANTENIMIENTO Y REPARACION DE VEHICULOS
TALLER DE SERVICIO ELECTRICO JULIAN LA 22,C 22        30       67,00452 - CESPEDES,76834 - TULUA,3128123655,2227697,3128123655,G4520 ** Mantenimiento y reparacion de vehiculos automotores,,,,MANTENIMIENTO Y REPARACION DE VEHICULOS AUTOMOTORES
CHEVYAUTOS SALCEDO,C 13        38C      50,00475 - EL CONDOR II,76834 - TULUA,2249582,3168705069,,G4520 ** Mantenimiento y reparacion de vehiculos automotores,G4530 ** Comercio de partes  piezas (autopartes) y accesorios (lujos) para vehiculos automotores,,,SE REALIZA EL MANTENIMIENTO Y REPARACION DE VEHICULOS AUTOMOTORES Y LA VENTA DE REPUESTOS PARA LOS MISMOS
JORGE ANDRES MONTAÑO VILLEGAS,CR 40 28 145,00451 - ALVERNIA,76834 - TULUA,2250759,,3182469119,C3312 ** Mantenimiento y reparacion especializado de maquinaria y equipo,G4520 ** Mantenimiento y reparacion de vehiculos automotores,C2429 ** Industrias basicas de otros metales no ferrosos,C2592 ** Tratamiento y revestimiento de metales  mecanizado,MANTENIMIENTO Y REPARACIóN INCLUIDA SOLDADURA ESPECIALIZADO  REALIZADO A CAMBIO DE UNA RETRIBUCIóN O POR CONTRATA  DE MAQUINARIA Y EQUIPO DE USO INDUSTRIAL O COMERCIAL MAQUINARIA CON CUCHILLAS Y SIERRAS INCLUIDO EL AFILADO E INSTALACIóN DE LAS CUCHILLAS Y SIERRAS MOTORES EXCEPTO LOS DE LOS VEHíCULOS AUTOMOTORES  EJEMPLO MOTORES DE BUQUES O LOCOMOTORAS TURBINAS PARA LA GENERACIóN DE ENERGíA Y CALOR  BOMBAS Y EQUIPO HIDRáULICO O CONEXO DE PROPULSIóN DE FLUIDOS REPARACIóN Y MANTENIMIENTO DE VáLVULAS  COMPRESORES Y GRIFOS COJINETES  ENGRANAJES  TRENES DE ENGRANAJES Y ELEMENTOS DE TRANSMISIóN EQUIPO DE ELEVACIóN Y MANIPULACIóN DE USO INDUSTRIAL HORNOS DE PROCESAMIENTO INDUSTRIAL EQUIPO DE REFRIGERACIóN Y DE PURIFICACIóN DE AIRE MAQUINARIA DE USO GENERAL HERRAMIENTAS DE MANO CON MOTOR INCORPORADO MáQUINAS HERRAMIENTA Y ACCESORIOS PARA CORTAR Y FORMAR METALES OTRAS MáQUINAS HERRAMIENTA HORNOS  HOGARES Y QUEMADORES INDUSTRIALES TRACTORES AGRíCOLAS MAQUINARIA AGRíCOLA  SI
SERVITECA WASH & SHINE,CR. 8 VARIANTE ZARZAL LA VICTORIA,,76895 - ZARZAL,3124571795,,3146724027,H5221 ** Actividades de estaciones  vias y servicios complementarios para el transporte terrestre,G4520 ** Mantenimiento y reparacion de vehiculos automotores,,,ACTIVIDADES DE LAVADA DE AUTOMOTORES. MANTENIMIENTO Y REPARACIÓN DE VEHÍCULOS AUTOMOTORES
AUTOMOTORA NORTE Y SUR LTDA TULUA,CRA 40        43       20,00443 - FATIMA,76834 - TULUA,2321055,2262339,,G4511 ** Comercio de vehiculos automotores nuevos,G4520 ** Mantenimiento y reparacion de vehiculos automotores,G4530 ** Comercio de partes  piezas (autopartes) y accesorios (lujos) para vehiculos automotores,,COMERCIALIZACION DE VEHICULOS AUTOMOTORES  PARTES Y ACCESORIOS  MANTENIMIENTO DE VEHICULOS AUTOMOTORES
GRAN ESTANQUILLO  Y LAVATECA TRAZVERZAL,CRA 12 NRO. 4B - 06 CL 4B NRO. 24B - 18,00569 - ALAMEDA,76834 - TULUA,3167656750,3173554721,3105092764,G4724 ** Comercio al por menor de bebidas y productos del tabaco  en establecimientos especializados,G4520 ** Mantenimiento y reparacion de vehiculos automotores,,,COMERCIO AL POR MENOR DE BEBIDAS Y PRODUCTOS DEL TABACO  EN ESTABLECIMIENTOS ESPECIALIZADOS MANTENIMIENTO Y REPARACION DE VEHICULOS AUTOMOTORES
ALMACEN EL TROQUE M.C,C 29        39       32,00446 - PANAMERICANO,76834 - TULUA,2249047,3167141257,,G4530 ** Comercio de partes  piezas (autopartes) y accesorios (lujos) para vehiculos automotores,G4520 ** Mantenimiento y reparacion de vehiculos automotores,,,COMERCIO DE PARTES  PIEZAS (AUTOPARTES) Y ACCESORIOS (LUJOS) PARA VEHICULOS AUTOMOTORES
PARQUEADERO Y LAVADERO ZONA BLANCA LA 25,C 25        36       19,00455 - NUEVO ALVERNIA,76834 - TULUA,3174017047,2244548,3174017047,H5221 ** Actividades de estaciones  vias y servicios complementarios para el transporte terrestre,G4520 ** Mantenimiento y reparacion de vehiculos automotores,N8129 ** Otras actividades de limpieza de edificios e instalaciones industriales,,ACTIVIDADES DE ESTACIONES  VIAS Y SERVICIOS COMPLEMENTARIOS PARA EL TRANSPORTE TERRESTRE MANTENIMIENTO Y REPARACION DE VEHICULOS AUTOMOTORES OTRAS ACTIVIDADES DE LIMPIEZA DE EDIFICIOS E INSTALACIONES INDUSTRIALES
INVERSIONES LA KASKADA VIP,K 27A       40      298,00481 - AVENIDA CALI,76834 - TULUA,3176465340,,,G4520 ** Mantenimiento y reparacion de vehiculos automotores,L6810 ** Actividades inmobiliarias realizadas con bienes propios o arrendados,,,MANTENIMIENTO Y REPARACION DE VEHICULOS AUTOMOTORES  ACTIVIDADES INMOBILIARIAS REALIZADAS CON BIENES PROPIOS O ARRENDADOS
VULCANIZADORA ZAPATA LA 23,K 23        18       48,00577 - MARACAIBO,76834 - TULUA,3015880851,,,G4520 ** Mantenimiento y reparacion de vehiculos automotores,,,,MANTENIMIENTO Y REPARACION DE VEHICULOS AUTOMOTORES
LUBRICENTRO EL COCLI,C  5         8       08,,76895 - ZARZAL,3113132999,3113132999,3113132999,G4732 ** Comercio al por menor de lubricantes (aceites  grasas)  aditivos y productos de limpieza para vehiculos automotores,G4520 ** Mantenimiento y reparacion de vehiculos automotores,,,COMERCIO AL POR MENOR DE LUBRICANTES (ACEITES  GRASAS)  ADITIVOS Y PRODUCTOS DE LIMPIEZA PARA VEHICULOS AUTOMOTORES. MANTENIMIENTO Y REPARACION DE VEHICULOS AUTOMOTORES
GUAYAS TULUA LA 30 JJ,CL 23 30 64,00452 - CESPEDES,76834 - TULUA,2249712,,3162397308,G4530 ** Comercio de partes  piezas (autopartes) y accesorios (lujos) para vehiculos automotores,G4520 ** Mantenimiento y reparacion de vehiculos automotores,,,VENTA  REPARACIÓN E INSTALACIÓN DE GUAYA Y ACCESORIOS PARA VEHÍCULOS Y MOTOS
MULTISERVICIOS OLIVEROS N.J,C 19       22            60,,76828 - TRUJILLO,3162983019,,3162983019,G4520 ** Mantenimiento y reparacion de vehiculos automotores,G4530 ** Comercio de partes  piezas (autopartes) y accesorios (lujos) para vehiculos automotores,,,MANTENIMIENTO Y REPARACION DE VEHICULOS AUTOMOTORES COMERCIO DE PARTES  PIEZAS (AUTOPARTES) Y ACCESORIOS (LUJOS) PARA VEHICULOS AUTOMOTORES
TALLER AUTOCAR ARISTIZABAL,C  8        10       58,,76616 - RIOFRIO,3117336580,,3117336580,G4520 ** Mantenimiento y reparacion de vehiculos automotores,,,,MANTENIMIENTO Y REPARACION DE VEHICULOS AUTOMOTORES
AUTOPACIFICO S.A TULUA,CL 50        40       15,00526 - PRADOS DEL NORTE,76834 - TULUA,4853000,,,G4511 ** Comercio de vehiculos automotores nuevos,G4530 ** Comercio de partes  piezas (autopartes) y accesorios (lujos) para vehiculos automotores,G4520 ** Mantenimiento y reparacion de vehiculos automotores,G4512 ** Comercio de vehiculos automotores usados,REPARACION PARA VEHICULOS AUTOMOTORES
SERVICOCHES J.M TULUA,CARRERA 26E NRO 13 -  102,00500 - LA ESPERANZA,76834 - TULUA,3177056473,3182476970,,G4520 ** Mantenimiento y reparacion de vehiculos automotores,R9004 ** Creacion audiovisual,,,CREACION AUDIOVISUAL Y MANTENIMIENTO Y REPARACION DE VEHICULOS AUTOMOTORES
VULCANIZADORA J.H. SERVICIO 24 HORAS,K 14         1       62,,76036 - ANDALUCIA,3207317525,2263019,,G4520 ** Mantenimiento y reparacion de vehiculos automotores,,,,MANTEMINIENTO Y REPARACION DE VEHICULOS
LUBRICENTRO EL OASIS LA HERRADURA,C 27        18       06,00501 - LAS DELICIAS,76834 - TULUA,2247181,2247181,3167536573,G4732 ** Comercio al por menor de lubricantes (aceites  grasas)  aditivos y productos de limpieza para vehiculos automotores,G4530 ** Comercio de partes  piezas (autopartes) y accesorios (lujos) para vehiculos automotores,G4520 ** Mantenimiento y reparacion de vehiculos automotores,G4542 ** Mantenimiento y reparacion de motocicletas y de sus partes y piezas,COMERCIO AL POR MENOR DE LUBRICANTES (ACEITES  GRASAS)  ADITIVOS Y PRODUCTOS DE LIMPIEZA PARA VEHÍCULOS AUTOMOTORES. MANTENIMIENTO DE VEHÍCULOS AUTOMOTORES
MONTALLANTAS LA TRANSVERSAL L.G,C 24        10      108,00512 - EL PORVENIR,76834 - TULUA,3107867432,,2309219,G4520 ** Mantenimiento y reparacion de vehiculos automotores,,,,MANTENIMIENTO Y REPARACION DE VEHICULOS AUTOMOTORES
TALLER MALDONADO SUPER,CALLE  40 N° 37-39,00446 - PANAMERICANO,76834 - TULUA,3163267885,3163267885,3163267885,G4520 ** Mantenimiento y reparacion de vehiculos automotores,F4330 ** Terminacion y acabado de edificios y obras de ingenieria civil,,,MANTENIMIENTO Y REPARACIÓN DE VEHÍCULOS AUTOMOTORES. TERMINACIÓN Y ACABADO DE EDIFICIOS Y OBRAS DE INGENIERÍA CIVIL.
TAPIZADOS AUTOJEEP,CL 21 28A 34,00474 - VILLANUEVA,76834 - TULUA,3153010663,3178819257,3153010663,G4520 ** Mantenimiento y reparacion de vehiculos automotores,,,,MANTENIMIENTO Y REPARACION DE VEHICULOS AUTOMOTORES
DECAR D.V,K 27A       35       38,00481 - AVENIDA CALI,76834 - TULUA,3173197412,,3173197412,G4520 ** Mantenimiento y reparacion de vehiculos automotores,G4542 ** Mantenimiento y reparacion de motocicletas y de sus partes y piezas,,,MANTENIMIENTO Y REPARACION DE VEHICULOS AUTOMOTORES MANTENIMIENTO Y REPARACION DE MOTOCICLETAS Y DE SUS PARTES Y PIEZAS
ANDRES FRENOS LA 40,CR 40 23 20 LOCAL 1,00455 - NUEVO ALVERNIA,76834 - TULUA,3184370364,,3184370364,G4520 ** Mantenimiento y reparacion de vehiculos automotores,G4530 ** Comercio de partes  piezas (autopartes) y accesorios (lujos) para vehiculos automotores,,,MANTENIMIENTO Y REPARACIÓN DE VEHÍCULOS AUTOMOTORES
PARQUEADERO Y CAFETERIA THE BROTHER P.G,CR 25  28   59,00476 - EL CENTRO,76834 - TULUA,3165171492,,3165171492,H5221 ** Actividades de estaciones  vias y servicios complementarios para el transporte terrestre,I5613 ** Expendio de comidas preparadas en cafeterias,G4520 ** Mantenimiento y reparacion de vehiculos automotores,,PARQUEADERO
ARIEL MOTORS TULUA S.A.S.,CR 30 21 31,00452 - CESPEDES,76834 - TULUA,2247999,,3104283068,G4520 ** Mantenimiento y reparacion de vehiculos automotores,G4530 ** Comercio de partes  piezas (autopartes) y accesorios (lujos) para vehiculos automotores,,,MANTENIMIENTO Y REPARACIÓN DE VEHÍCULOS AUTOMOTORES  COMERCIO DE PARTES  PIEZAS Y ACCESORIOS
TALLER PATIÑO M A,K 20       24            75,,76828 - TRUJILLO,3148166767,,,G4520 ** Mantenimiento y reparacion de vehiculos automotores,,,,MANTENIMIENTO Y REPARACION DE VEHICULOS AUTOMOTORES
LUBRITECA Y LAVATECA DON PATO DE LA 22,K 22       8             121,00563 - MUNICIPAL,76834 - TULUA,3158599928,2332003,,G4520 ** Mantenimiento y reparacion de vehiculos automotores,G4732 ** Comercio al por menor de lubricantes (aceites  grasas)  aditivos y productos de limpieza para vehiculos automotores,,,LUBRITECA Y  LAVATECA.
MAZ AUTOS TULUA,CALLE 13   68-13,00487 - LA BASTILLA,76834 - TULUA,3120777,,3194769573,G4511 ** Comercio de vehiculos automotores nuevos,G4520 ** Mantenimiento y reparacion de vehiculos automotores,G4530 ** Comercio de partes  piezas (autopartes) y accesorios (lujos) para vehiculos automotores,,COMERCIO DE VEHICULOS  MANTENIMIENTO Y REPARACION
RAEXOCAR,C 16       16            02,00470 - POPULAR,76834 - TULUA,3215687559,,,G4520 ** Mantenimiento y reparacion de vehiculos automotores,,,,REPARACION DE VEHICULOS AUTOMOTORES
ELECTRO CAR MEJIA,CALLE 16A  29 18  BARRIO POPULAR,00470 - POPULAR,76834 - TULUA,2240588,,3158618410,G4520 ** Mantenimiento y reparacion de vehiculos automotores,,,,MANTENIMIENTO Y REPARACIÓN DE VEHÍCULOS.
PARQUEADERO Y LAVADERO CAR WASH VIP,C 13       9             48,,76895 - ZARZAL,2208376,3135289994,3135289994,H5221 ** Actividades de estaciones  vias y servicios complementarios para el transporte terrestre,G4520 ** Mantenimiento y reparacion de vehiculos automotores,,,SERVICIO DE LAVADO Y MANTENIMIENTO DE VEHÍCULOS.
IMPOPARTES NERY GOMEZ S.A.S.,C 17       30            07,00470 - POPULAR,76834 - TULUA,3146145048,3215530820,3165216101,G4530 ** Comercio de partes  piezas (autopartes) y accesorios (lujos) para vehiculos automotores,G4512 ** Comercio de vehiculos automotores usados,G4520 ** Mantenimiento y reparacion de vehiculos automotores,H4922 ** Transporte mixto,COMERCIO DE PARTES  PIEZAS (AUTOPARTES) Y ACCESORIOS (LUJOS) PARA VEHICULOS AUTOMOTORES
CENTRO DE LUBRICACION TEXAS,T 12       25B         12,00497 - BOLIVAR,76834 - TULUA,3182247537,3168818129,3128408433,G4520 ** Mantenimiento y reparacion de vehiculos automotores,G4732 ** Comercio al por menor de lubricantes (aceites  grasas)  aditivos y productos de limpieza para vehiculos automotores,,,COMERCIO AL POR MENOR DE LUBRICANTES Y DERIVADOS DEL PETROLEO
LUBRITECA LA VARIANTE O.H.,K 40       28  C         60,00446 - PANAMERICANO,76834 - TULUA,3166104728,2241116,3166104728,G4732 ** Comercio al por menor de lubricantes (aceites  grasas)  aditivos y productos de limpieza para vehiculos automotores,G4520 ** Mantenimiento y reparacion de vehiculos automotores,,,COMERCIO AL POR MENOR DE LUBRICANTES (ACEITES  GRASAS)  ADITIVOS Y PRODUCTOS DE LIMPIEZA PARA VEHICULOS AUTOMOTORES MANTENIMIENTO Y REPARACION DE VEHICULOS AUTOMOTORES
PINTUFER LA 40,K 40       24         81,00444 - JAZMÍN,76834 - TULUA,3175279711,3162378078,,G4520 ** Mantenimiento y reparacion de vehiculos automotores,,,,MANTENIMIENTO Y REPARACION DE VEHICULOS AUTOMOTORES
ASEO Y FILTRACION DE COMBUSTIBLE DIANA,CRA 4 NRO. 17 - 110 VARIANTE FRENTE POSTOBON,,76895 - ZARZAL,3146817211,3146817211,3146817211,G4520 ** Mantenimiento y reparacion de vehiculos automotores,,,,SERVICIO DE ASEO Y FILTRACION DE COMBUSTIBLE
CAR WASH Y LUBRICANTES,C 13       9             48,,76895 - ZARZAL,2035788,3164097579,3154722179,G4520 ** Mantenimiento y reparacion de vehiculos automotores,H5221 ** Actividades de estaciones  vias y servicios complementarios para el transporte terrestre,K6621 ** Actividades de agentes y corredores de seguros,,LAVADO GENERAL DE AUTOMÓVILES  MANTENIMIENTO DE VEHÍCULOS  VENTA DE SOAT Y VENTA DE BACTERIA  LUBRICANTES Y OTROS.
AUTOVALLE Y SERVICIOS S.A.S.,K 40        28B      36,00446 - PANAMERICANO,76834 - TULUA,2251597,3113013316,,G4520 ** Mantenimiento y reparacion de vehiculos automotores,G4530 ** Comercio de partes  piezas (autopartes) y accesorios (lujos) para vehiculos automotores,G4542 ** Mantenimiento y reparacion de motocicletas y de sus partes y piezas,G4512 ** Comercio de vehiculos automotores usados,MANTENIMIENTO VEHICULOS AUTOMOTORES COMERCIO DE PARTES  PIEZAS (AUTOPARTES) Y ACCESORIOS (LUJOS) PARA VEHICULOS AUTOMOTORES MANTENIMIENTO Y REPARACION DE MOTOCICLETAS Y DE SUS PARTES Y PIEZAS COMERCIO DE VEHICULOS AUTOMOTORES USADOS
TALLER EL AEROPUERTO J.Z,PREDIO 67 LA VARIANTE VIA RIOFRIO,,76834 - TULUA,3154024238,,,G4520 ** Mantenimiento y reparacion de vehiculos automotores,,,,MANTENIMIENTO Y REPARACIÓN DE VEHÍCULOS AUTOMOTORES
MEGA LLANTAS DEL VALLE,CRA 30 NRO. 17 - 26,00470 - POPULAR,76834 - TULUA,3104605797,2335666,,G4530 ** Comercio de partes  piezas (autopartes) y accesorios (lujos) para vehiculos automotores,G4520 ** Mantenimiento y reparacion de vehiculos automotores,,,COMERCIO DE PARTES  PIEZAS (AUTOPARTES) Y ACCESORIOS (LUJOS) PARA VEHICULOS AUTOMOTORES
LAVADERO Y PARQUEADERO EL CENTRO J.A.G.,CARRRERA 6   11  21 B/CENTRO,,76036 - ANDALUCIA,3229735253,2236269,3229735253,G4520 ** Mantenimiento y reparacion de vehiculos automotores,H5221 ** Actividades de estaciones  vias y servicios complementarios para el transporte terrestre,,,MANTENIMIENTO Y REPARACION DE VEHICULOS AUTOMOTORES ACTIVIDADES DE ESTACIONES  VIAS Y SERVICIOS COMPLEMENTARIOS PARA EL TRANSPORTE TERRESTRE
RECONSTRUCTORA DE MOTORES R Y R DIESEL DEL VALLE,CL 21   29   51,00474 - VILLANUEVA,76834 - TULUA,3184591181,,3113629731,G4520 ** Mantenimiento y reparacion de vehiculos automotores,,,,MANTENIMIENTO Y REPARACION DE VEHICULOS AUTOMOTORES
CENTRAL DE ALARMAS Y POLARIZADOS L G,CALLE 26  NRO  30 66,00452 - CESPEDES,76834 - TULUA,3002323435,,3002323435,G4520 ** Mantenimiento y reparacion de vehiculos automotores,,,,MANTENIMIENTO Y REPARACION DE VEHICULOS AUTOMOTORES
JUAN GREGORIO GIL TAPICERIA EN GENERAL,CL 29   38   39,00446 - PANAMERICANO,76834 - TULUA,2250603,,3152597428,G4520 ** Mantenimiento y reparacion de vehiculos automotores,,,,MANTENIMIENTO DE VEHICULOS AUTOMOTORES
SERVIELECTRIC AGRICOLA,CARRERA 28A  NRO 8A  - 13,00472 - SANTA RITA DEL RÍO,76834 - TULUA,2323608,3184194575,,G4520 ** Mantenimiento y reparacion de vehiculos automotores,G4530 ** Comercio de partes  piezas (autopartes) y accesorios (lujos) para vehiculos automotores,,,MANTENIMIENTO Y REPARACION DE VEHICULOS AUTOMOTORES COMERCIO DE PARTES  PIEZAS (AUTOPARTES) Y ACCESORIOS (LUJOS) PARA VEHICULOS AUTOMOTORES
EXOSTOS JAVIER,C 19       28  A         75,00474 - VILLANUEVA,76834 - TULUA,3175251526,3156891994,,G4520 ** Mantenimiento y reparacion de vehiculos automotores,,,,MANTENIMIENTO Y REPARACION DE VEHICULOS
TALLER & MANTENIMIENTO JE,CARRETERA CENTRAL CRUCE URIBE VIA SEVILLA ESTACION ESSO MOVIL,,76113 - BUGALAGRANDE,3136705605,,3136705605,G4520 ** Mantenimiento y reparacion de vehiculos automotores,G4520 ** Mantenimiento y reparacion de vehiculos automotores,,,MANTENIMIENTO Y REPARACION DE VEHICULOS AUTOMOTORES
SERVICIO ELECTRICO GUASA,K 29  A    21            60,00474 - VILLANUEVA,76834 - TULUA,2320719,3154455108,,G4520 ** Mantenimiento y reparacion de vehiculos automotores,G4530 ** Comercio de partes  piezas (autopartes) y accesorios (lujos) para vehiculos automotores,,,MANTENIMIENTO VEHÍCULOS
TALLER AUTOYOTA JM,K 29  A    22            68,00474 - VILLANUEVA,76834 - TULUA,3164380002,3137545518,3137545518,G4520 ** Mantenimiento y reparacion de vehiculos automotores,,,,MANTENIMIENTO Y REPARACIÓN DE VEHÍCULOS AUTOMOTORES
TALLER CORDOBAUTOS,K 28       38            14,00481 - AVENIDA CALI,76834 - TULUA,2243452,,3163238888,G4520 ** Mantenimiento y reparacion de vehiculos automotores,,,,MANTENIMIENTO Y REPARACIÓN DE VEHÍCULOS AUTOMOTORES
VAQUERO SERVICIO AUTOMOTRIZ Y ALMACEN,K 19       34            40,00507 - PUEBLO NUEVO,76834 - TULUA,3153898365,,,G4520 ** Mantenimiento y reparacion de vehiculos automotores,G4530 ** Comercio de partes  piezas (autopartes) y accesorios (lujos) para vehiculos automotores,,,MANTENIMIENTO Y REPARACION DE VEHICULOS AUTOMOTORES
ECHEVERRI SERVICIOS HF S.A.S,K 40       27            39,00447 - SAN BENITO LA RIVERA,76834 - TULUA,2255434,,3158560686,H4923 ** Transporte de carga por carretera,F4312 ** Preparacion del terreno,G4530 ** Comercio de partes  piezas (autopartes) y accesorios (lujos) para vehiculos automotores,G4520 ** Mantenimiento y reparacion de vehiculos automotores,TRANSPORTE DE MATERIAL  ALQUILER DE MAQUINARIA  VENTA DE MERCANCÍA AL POR MENOR REPUESTOS PARA MAQUINARIA  MANTENIMIENTO Y REPARACIÓN DE VEHÍCULOS
UNI AUTOS J G,C 16       30            60,00453 - ENTRE RIOS,76834 - TULUA,3187442327,,3187442327,G4520 ** Mantenimiento y reparacion de vehiculos automotores,,,,MANTENIMIENTO Y REPARACION DE VEHICULOS AUTOMOTORES
CENTRO DE SERVICIO AUTOMOTRIZ MEGA AUTOS,CRA 26 NRO. 38 - 134,00486 - EL PRINCIPE,76834 - TULUA,2249828,2249828,3164287934,G4663 ** Comercio al por mayor de materiales de construccion  articulos de ferreteria  pinturas  productos de vidrio  equipo y materiales de fontaneria y calefaccion,G4520 ** Mantenimiento y reparacion de vehiculos automotores,,,COMERCIO AL POR MAYOR DE MATERIALES DE CONSTRUCCION  ARTICULOS DE FERRETERIA  PINTURAS  PRODUCTOS DE VIDRIO  EQUIPO Y MATERIALES DE FONTANERIA Y CALEFACCION MANTENIMIENTO Y REPARACION DE VEHICULOS AUTOMOTORES
MONTALLANTAS ORTEGA,C 5        8             08,,76895 - ZARZAL,3126389048,3126389048,3126389048,G4520 ** Mantenimiento y reparacion de vehiculos automotores,,,,MONTA LLANTAS.
SERVICIO ELECTRICO AUTOMOTRIZ MANCHO,C 5   A    12            09,,76895 - ZARZAL,3206812745,3206812745,3206812745,G4520 ** Mantenimiento y reparacion de vehiculos automotores,,,,MANTENIMIENTO ELÉCTRICOS AUTOMOTRIZ
AGRO ELECTRICOS Y AIRES S.A.S,CALL5 5  5 58,,76895 - ZARZAL,2205053,2205053,3212233465,G4520 ** Mantenimiento y reparacion de vehiculos automotores,C3312 ** Mantenimiento y reparacion especializado de maquinaria y equipo,G4530 ** Comercio de partes  piezas (autopartes) y accesorios (lujos) para vehiculos automotores,,MANTENIMIENTO Y REPARACIONES MECANICAS Y ELECTRICAS Y MANTENIMIENTO DE AIRES ACONDICIONADO
LAVATECA DEL SUR,C 34       30            18,00443 - FATIMA,76834 - TULUA,3186661219,,,G4520 ** Mantenimiento y reparacion de vehiculos automotores,,,,LAVADO Y BRILLADO DE AUTOMOTORES.
SU REPUESTO AUTOMOTOR,K 10       6             42,,76895 - ZARZAL,2035954,3225032525,3207315018,G4530 ** Comercio de partes  piezas (autopartes) y accesorios (lujos) para vehiculos automotores,G4520 ** Mantenimiento y reparacion de vehiculos automotores,G4541 ** Comercio de motocicletas y de sus partes  piezas y accesorios,G4542 ** Mantenimiento y reparacion de motocicletas y de sus partes y piezas,COMERCIALIZACION DE PARTES  PIEZAS AUTOPARTES Y ASESORIOS PARA VEHICULOS AUTOMOTORES
TALLER MEMO S G,K 40       25            25,00455 - NUEVO ALVERNIA,76834 - TULUA,3178480600,3186172594,,G4520 ** Mantenimiento y reparacion de vehiculos automotores,,,,MANTENIMIENTO Y REPARACION DE VEHICULOS AUTOMOTORES
PINTUCARROS Y ACCESORIOS,K 30       19            12,00474 - VILLANUEVA,76834 - TULUA,3136335898,,3136335898,F4210 ** Construccion de carreteras y vias de ferrocarril,G4530 ** Comercio de partes  piezas (autopartes) y accesorios (lujos) para vehiculos automotores,G4512 ** Comercio de vehiculos automotores usados,G4520 ** Mantenimiento y reparacion de vehiculos automotores,CONSTRUCCION DE CARRETERAS Y VIAS DE FERROCARRIL. COMERCIO DE PARTES  PIEZAS (AUTOPARTES) Y ACCESORIOS (LUJOS) PARA VEHICULOS AUTOMOTORES. COMERCIO DE VEHICULOS AUTOMOTORES USADOS. MANTENIMIENTO Y REPARACION DE VEHICULOS AUTOMOTORES.
MECADIESEL ZULUAGA,CALLE 23  1 A OESTE 62,00524 - NUEVO FARFÁN,76834 - TULUA,3155118787,2308728,3155118787,G4520 ** Mantenimiento y reparacion de vehiculos automotores,,,,MANTENIMIENTO Y REPARACION DE VEHICULOS AUTOMOTORES
TALLER SERVI ESTAMBUL J.A,TRANSVERSAL 9 Nro. D23-68,,76834 - TULUA,3127920052,,3127920052,G4520 ** Mantenimiento y reparacion de vehiculos automotores,,,,MANTENIMIENTO Y REPARACION DE VEHICULOS AUTOMOTORES
DRIVER ELECTRIC,C 16       30            52,00453 - ENTRE RIOS,76834 - TULUA,3165548903,3156143133,3156143133,G4520 ** Mantenimiento y reparacion de vehiculos automotores,,,,MANTENIMIENTO Y REPARACION DE VEHICULOS AUTOMOTORES
AUTO LUJOS EL ROLO,K 31       24            09,00452 - CESPEDES,76834 - TULUA,3192522412,3192522412,3192522412,G4542 ** Mantenimiento y reparacion de motocicletas y de sus partes y piezas,G4530 ** Comercio de partes  piezas (autopartes) y accesorios (lujos) para vehiculos automotores,G4520 ** Mantenimiento y reparacion de vehiculos automotores,,MANTENIMIENTO Y REPARACION DE MOTOCICLETAS Y DE SUS PARTES Y PIEZAS
RADIADORES GOMEZ DE LA CARRERA 30,K 30       16            69,00453 - ENTRE RIOS,76834 - TULUA,2241239,,3105122215,G4520 ** Mantenimiento y reparacion de vehiculos automotores,,,,MANTENIMIENTO Y REPARACIÓN DE VEHÍCULOS AUTOMOTORES
PARQUEADERO LAVADERO Y TALLER BURBUJAS,CL 5 8 110,,76895 - ZARZAL,2220229,3103751442,3103751442,G4530 ** Comercio de partes  piezas (autopartes) y accesorios (lujos) para vehiculos automotores,G4520 ** Mantenimiento y reparacion de vehiculos automotores,H5221 ** Actividades de estaciones  vias y servicios complementarios para el transporte terrestre,,COMERCIO DE PARTES  PIEZAS (AUTOPARTES) Y ACCESORIOS (LUJOS) PARA VEHICULOS AUTOMOTORES  MANTENIMIENTO Y REPARACION DE VEHICULOS AUTOMOTORES Y ACTIVIDADES DE ESTACIONES VIAS Y SERVICIOS COMPLEMENTARIOS PARA EL TRANSPORTE TERRESTRE
SERVICIO ELECTRICO JAIR,C5         7        83,,76895 - ZARZAL,2207724,3146450115,3225754013,A0161 ** Actividades de apoyo a la agricultura,G4530 ** Comercio de partes  piezas (autopartes) y accesorios (lujos) para vehiculos automotores,G4520 ** Mantenimiento y reparacion de vehiculos automotores,,ACTIVIDADES DE APOYO A LA AGRICULTURA COMERCIO DE PARTES  PIEZAS PARA VEHÍCULOS AUTOMOTORES Y MANTENIMIENTO Y REPARACIÓN DE VEHÍCULOS AUTOMOTORES.
ELECTROMAQUINARIAS DEL VALLE,CALLE 11 SUR NRO 6 -29   BRR LA MARIA II ETAPA,,76113 - BUGALAGRANDE,3176427725,,,G4520 ** Mantenimiento y reparacion de vehiculos automotores,C3312 ** Mantenimiento y reparacion especializado de maquinaria y equipo,G4530 ** Comercio de partes  piezas (autopartes) y accesorios (lujos) para vehiculos automotores,,MANTENIMIENTO Y REPARACIÓN DE VEHÍCULOS AUTOMOTORES.
TALLER DE LAMINA Y PINTURAS EL PAISITA,C 5        7             35,,76895 - ZARZAL,3234240430,,3136218800,G4520 ** Mantenimiento y reparacion de vehiculos automotores,,,,MANTENIMIENTO Y REPARACION DE VEHICULOS AUTOMOTORES
ALMACEN Y TALLER TORNI-CUMMINS S.A.S.,CR 30 24 01,00452 - CESPEDES,76834 - TULUA,2324851,,3168771472,G4530 ** Comercio de partes  piezas (autopartes) y accesorios (lujos) para vehiculos automotores,G4520 ** Mantenimiento y reparacion de vehiculos automotores,,,COMERCIO DE PARTES  PIEZAS (AUTOPARTES) Y ACCESORIOS (LUJOS) PARA VEHICULOS AUTOMOTORES
BOSTER BOTELLO,C 19       28  A         119,00474 - VILLANUEVA,76834 - TULUA,3167870340,,,G4520 ** Mantenimiento y reparacion de vehiculos automotores,,,,MANTENIMIENTO Y REPARACION DE VEHICULOS AUTOMOTORES
AUTOMOTORES Y SERVICIOS S.A.S,K 40        28B      36,00446 - PANAMERICANO,76834 - TULUA,3113013316,2253670,2251597,G4512 ** Comercio de vehiculos automotores usados,G4520 ** Mantenimiento y reparacion de vehiculos automotores,G4530 ** Comercio de partes  piezas (autopartes) y accesorios (lujos) para vehiculos automotores,G4511 ** Comercio de vehiculos automotores nuevos,COMERCIO DE VEHICULOS AUTOMOTORES USADOS- MANTENIMIENTO Y REPARACION DE VEHÍCULOS Y VENTA DE VEHÍCULOS NUEVOS
PINTURAS Y ACABADOS CHOACHI,K 20 17 76,,76828 - TRUJILLO,3005905484,,,F4330 ** Terminacion y acabado de edificios y obras de ingenieria civil,G4520 ** Mantenimiento y reparacion de vehiculos automotores,C2592 ** Tratamiento y revestimiento de metales  mecanizado,G4752 ** Comercio al por menor de articulos de ferreteria  pinturas y productos de vidrio en establecimientos especializados,TERMINACION Y ACABADO DE EDIFICIOS Y OBRAS DE INGENIERIA CIVIL MANTENIMIENTO Y REPARACION DE VEHICULOS AUTOMOTORES TRATAMIENTO Y REVESTIMIENTO DE METALES  MECANIZADO COMERCIO AL POR MENOR DE ARTICULOS DE FERRETERIA  PINTURAS Y PRODUCTOS DE VIDRIO EN ESTABLECIMIENTOS ESPECIALIZADOS
SOLSERVICIOS DEL VALLE S.A.S,CR 27 N° 27-36 LOCAL 105,00476 - EL CENTRO,76834 - TULUA,2247739,2247217,3146861405,N8211 ** Actividades combinadas de servicios administrativos de oficina,N7830 ** Otras actividades de provisión de talento humano,N8129 ** Otras actividades de limpieza de edificios e instalaciones industriales,G4520 ** Mantenimiento y reparacion de vehiculos automotores,ACTIVIDADES COMBINADAS DE SERVICIOS ADMINISTRATIVOS DE OFICINA OTRAS ACTIVIDADES DE SUMINISTRO DE RECURSO HUMANO
CHAPAUTOS G M,CRA 30 NRO. 16-04,00452 - CESPEDES,76834 - TULUA,3177628485,,3177628485,G4520 ** Mantenimiento y reparacion de vehiculos automotores,,,,MANTENIMIENTO Y REPARACION DE VEHICULOS AUTOMOTORES
SERVICIO ELECTRICO AUTOMOTRIZ EL FLACO Y JUANCHO,K 13       24            92,00528 - RUBÉN CRUZ VÉLEZ,76834 - TULUA,3154336629,,3154336629,G4520 ** Mantenimiento y reparacion de vehiculos automotores,,,,MANTENIMIENTO Y REPARACION DE VEHICULOS AUTOMOTORES
LLANTAS Y SERVICIOS AVENIDA CALI,K 27  A    37            174,00481 - AVENIDA CALI,76834 - TULUA,3162893558,3176260711,3162893558,G4520 ** Mantenimiento y reparacion de vehiculos automotores,G4530 ** Comercio de partes  piezas (autopartes) y accesorios (lujos) para vehiculos automotores,,,MANTENIMIENTO Y REPARACION DE VEHICULOS AUTOMOTORES MANTENIMIENTO Y REPARACION DE VEHICULOS AUTOMOTORES
COCHAUTOS,K 30       24            42,00452 - CESPEDES,76834 - TULUA,2240712,,3183641972,G4520 ** Mantenimiento y reparacion de vehiculos automotores,,,,MANTENIMIENTO Y REPARACION DE VEHICULOS AUTOMOTORES
EXOSTOS Y RADIADORES WILSON  W Y M,C 29        39       15,00446 - PANAMERICANO,76834 - TULUA,3184618610,,3163690501,G4530 ** Comercio de partes  piezas (autopartes) y accesorios (lujos) para vehiculos automotores,G4520 ** Mantenimiento y reparacion de vehiculos automotores,,,COMERCIO DE PARTES  PIEZAS (AUTOPARTES) Y ACCESORIOS (LUJOS) PARA VEHICULOS AUTOMOTORES Y MANTENIMIENTO Y REPARACION DE VEHICULOS AUTOMOTORES
LLANTAS Y ACCESORIOS DRM,CALLE 1A NRO.  9  - 19 B LOS LAGOS,,76895 - ZARZAL,3016418326,3216581766,,G4520 ** Mantenimiento y reparacion de vehiculos automotores,,,,VENTA DE LLANTAS Y ACCESORIOS PARA VEHÍCULOS.
SERVINYECCION TECNOLOGIA AUTOMOTRIZ S.A.S,K 29       19            30/34/38,00474 - VILLANUEVA,76834 - TULUA,2316885,2262423,3152690504,G4520 ** Mantenimiento y reparacion de vehiculos automotores,G4542 ** Mantenimiento y reparacion de motocicletas y de sus partes y piezas,G4530 ** Comercio de partes  piezas (autopartes) y accesorios (lujos) para vehiculos automotores,,SERVICIO MATENIMIEMTO AUTOMOTRIZ
VULCANIZADORA ANDRADE HV,K 10       1             128,,76113 - BUGALAGRANDE,3108289235,3108289235,3178066483,G4520 ** Mantenimiento y reparacion de vehiculos automotores,G4541 ** Comercio de motocicletas y de sus partes  piezas y accesorios,,,VULCANIZADORA DE LLANTAS DE MOTOS Y BICICLETAS-VENTA DE LLANTAS
LAVAMOTOS VILLACOLOMBIA,C 7   B    22  A         79,00582 - VILLA COLOMBIA,76834 - TULUA,3128351866,3128351866,3117833142,G4520 ** Mantenimiento y reparacion de vehiculos automotores,,,,SERVICIO DE LAVADO DE MOTOS
SERVICIO ELECTRICO ANDRES S.S.,K 31       16            12,00453 - ENTRE RIOS,76834 - TULUA,3116373440,,3116373440,G4520 ** Mantenimiento y reparacion de vehiculos automotores,,,,SERVICIO ELECTRICO AUTOMOTRIZ Y AIRE ACINDICIONADO
SPA ECOLAVADO,CR 19 NRO 28-76 C.C. LA HERRADURA,00641 - LA HERRADURA,76834 - TULUA,3008236770,3137603324,,G4520 ** Mantenimiento y reparacion de vehiculos automotores,,,,MANTENIMIENTO Y REPARACIÓN DE VEHÍCULOS AUTOMOTORES
TALLER SUPERAUTOS 18 18,CR 28 37 78,00481 - AVENIDA CALI,76834 - TULUA,2251098,3103863099,,G4520 ** Mantenimiento y reparacion de vehiculos automotores,,,,TALLER DE LATONERIA Y PINTURA
AUTOREPUESTOS DEL VALLE C&R,CR 40 NO 32 09,00636 - LOMITAS,76834 - TULUA,3147115640,3177040576,3215064671,G4530 ** Comercio de partes  piezas (autopartes) y accesorios (lujos) para vehiculos automotores,G4520 ** Mantenimiento y reparacion de vehiculos automotores,,,COMERCIO DE PARTES  PIEZAS AUTOPARTES Y ACCESORIOS LUJOS PARA VEHICULOS AUTOMOTORES.MANTENIMIENTO Y REPARACION DE VEHICULOS AUTOMOTORES
TECNIAUTOS DEL RIO,CR 28 A 22 23,00474 - VILLANUEVA,76834 - TULUA,3164785881,,,G4520 ** Mantenimiento y reparacion de vehiculos automotores,,,,MANTENIMIENTO Y REPARACION DE VEHICULOS AUTOMOTORES
MONTALLANTAS Y LUBRICANTES RIOS,CR 5 21 49,,76036 - ANDALUCIA,3122133180,,,G4542 ** Mantenimiento y reparacion de motocicletas y de sus partes y piezas,G4520 ** Mantenimiento y reparacion de vehiculos automotores,G4732 ** Comercio al por menor de lubricantes (aceites  grasas)  aditivos y productos de limpieza para vehiculos automotores,,MANTENIMIENTO Y REPARACION DE MOTOCICLETAS Y DE SUS PARTES Y PIEZAS  MANTENIMIENTO Y REPARACION DE VEHICULOS AUTOMOTORES
TAPICERIA AUTOMOTRIZ GONZALO R C,CARRERA 31 A NRO. 18A-28,00507 - PUEBLO NUEVO,76834 - TULUA,3147798471,3147798471,3147798471,G4520 ** Mantenimiento y reparacion de vehiculos automotores,,,,REPARACIÓN DE TAPIZADOS AUTOMOTRIZ
ESTACION DE SERVICIO CAICEDO,C5         5        04,,76895 - ZARZAL,3330195,3335504,3155925952,G4731 ** Comercio al por menor de combustible para automotores,G4732 ** Comercio al por menor de lubricantes (aceites  grasas)  aditivos y productos de limpieza para vehiculos automotores,G4520 ** Mantenimiento y reparacion de vehiculos automotores,,COMERCIO AL POR MENOR Y AL DETAL DE COMBUSTIBLE PARA AUTOMOTORES
LAVADERO Y PARQUEADERO OXIGENO R Y S,CR 26 22 19,00480 - TOMÁS URIBE,76834 - TULUA,3136835685,,,H5221 ** Actividades de estaciones  vias y servicios complementarios para el transporte terrestre,G4520 ** Mantenimiento y reparacion de vehiculos automotores,,,PARQUEADERO.LAVADO DE VEHICULOS
TALLER ELECTRICO OCTAVIO CARS,CL 18 28 A 03,00470 - POPULAR,76834 - TULUA,3168420219,3116461981,3157973649,G4520 ** Mantenimiento y reparacion de vehiculos automotores,G4530 ** Comercio de partes  piezas (autopartes) y accesorios (lujos) para vehiculos automotores,,,MANTENIMIENTO Y REPARACION DE VEHICULOS AUTOMOTORES. COMERCIO DE PARTES  PIEZAS (AUTOPARTES) Y ACCESORIOS (LUJOS) PARA VEHICULOS AUTOMOTORES
LAVADERO Y PARQUEADERO SERNA JJ,CR 40 29 39,00444 - JAZMÍN,76834 - TULUA,3174884117,3136832671,,G4520 ** Mantenimiento y reparacion de vehiculos automotores,H5221 ** Actividades de estaciones  vias y servicios complementarios para el transporte terrestre,,,LAVADERO  Y PARQUEADERO Y ACEITES
TALLER SERVICIO ELECTRICOS  JULIO O.C,CARRERA 28 A NRO 21- 65,00474 - VILLANUEVA,76834 - TULUA,3117573345,3146353781,,G4520 ** Mantenimiento y reparacion de vehiculos automotores,G4530 ** Comercio de partes  piezas (autopartes) y accesorios (lujos) para vehiculos automotores,,,ERROR: #NAME?
PARQUEADERO Y LAVATECA LA 26,CR 26 31 44,00492 - SALESIANO,76834 - TULUA,3162854754,2249518,,H5221 ** Actividades de estaciones  vias y servicios complementarios para el transporte terrestre,G4520 ** Mantenimiento y reparacion de vehiculos automotores,,,PARQUEADERO. LAVATECA
TRANSALVERNIA S.A.S.,CR 38 23 30,,76834 - TULUA,3186423610,3186423610,3186423610,H4921 ** Transporte de pasajeros,G4520 ** Mantenimiento y reparacion de vehiculos automotores,G4530 ** Comercio de partes  piezas (autopartes) y accesorios (lujos) para vehiculos automotores,H5229 ** Otras actividades complementarias al transporte,TRANSPORTE DE PASAJEROS  MANTENIMIENTO Y REPARACIÓN DE VEHÍCULOS AUTOMOTORES  COMERCIO DE PARTES  PIEZAS (AUTO PARTES) Y ACCESORIOS (LUJOS) PARA VEHÍCULOS AUTOMOTORES  OTRAS ACTIVIDADES COMPLEMENTARIAS AL TRANSPORTE.
MOTO EXPRESS WASH,TV 12 5 A 70,00569 - ALAMEDA,76834 - TULUA,3153317949,3175966896,,G4520 ** Mantenimiento y reparacion de vehiculos automotores,G4732 ** Comercio al por menor de lubricantes (aceites  grasas)  aditivos y productos de limpieza para vehiculos automotores,,,SERVICIO DE LAVADO PARA VEHICULOS COMERCIO AL POR MENOR DE LUBRICANTES (ACEITES  GRASAS)  ADITIVOS Y PRODUCTOS DE LIMPIEZA PARA VEHICULOS AUTOMOTORES
MASTER FORROS,CR 29 21 30,00474 - VILLANUEVA,76834 - TULUA,3164528023,,,G4520 ** Mantenimiento y reparacion de vehiculos automotores,G4541 ** Comercio de motocicletas y de sus partes  piezas y accesorios,,,ELABORACIÓN DE FORROS PARA MOTOS VENTA DE ACCESORIOS PARA MOTOS
LAVA PARKING LA 25,CL 25 1 OE 170,00523 - LOS TOLÚES,76834 - TULUA,3167334532,3164910869,,G4520 ** Mantenimiento y reparacion de vehiculos automotores,,,,LAVADERO DE MOTOS Y CARROS
MONTALLANTAS EL TIO CB,CALLE 24 NRO. 2 A  41,00513 - FARFAN,76834 - TULUA,3177150001,,,G4520 ** Mantenimiento y reparacion de vehiculos automotores,,,,SERVICIO DE MONTALLANTAS
LAVANYA SPA MULTISERVICIOS,CALLEJON LA CAPILLA NRO. 22 50 CORREGIMIENTO DE NARIÑO,,76834 - TULUA,3185689736,,,G4520 ** Mantenimiento y reparacion de vehiculos automotores,,,,SERVICIO DE LAVADO DE MOTOCICLETAS
TALLER DE ALINEACION VICTOR HUGO PEREZ Q,CL 21 NRO 29-72,00474 - VILLANUEVA,76834 - TULUA,3172331127,,,G4520 ** Mantenimiento y reparacion de vehiculos automotores,,,,MANTENIMIENTO Y REPARACIÓN DE VEHICULOS
NORTVALLE EXPRESS S.A.S,CL 5 NRO. 5-58,,76895 - ZARZAL,3122529240,,,H4921 ** Transporte de pasajeros,G4520 ** Mantenimiento y reparacion de vehiculos automotores,G4732 ** Comercio al por menor de lubricantes (aceites  grasas)  aditivos y productos de limpieza para vehiculos automotores,,TRANSPORTE DE PASAJEROS
CARROCERIAS BLANDON,CL 5 4 35,,76895 - ZARZAL,3183834743,3183834743,3183834743,C2920 ** Fabricacion de carrocerias para vehiculos automotores  fabricacion de remolques y semirremolques,G4520 ** Mantenimiento y reparacion de vehiculos automotores,,,FABRICACIÓN  MANTENIMIENTO Y REPARACIÓN DE CARROCERÍAS PARA VEHÍCULOS AUTOMOTORES  FABRICACIÓN DE REMOLQUES Y SEMIRREMOLQUES.
MONTALLANTAS LA ESPERANZA R.J,CL 27 15 03,00500 - LA ESPERANZA,76834 - TULUA,3174952604,3175242552,,G4520 ** Mantenimiento y reparacion de vehiculos automotores,,,,MONTAJE Y DESPINCHADO DE LLANTAS
PARQUEADERO M Y J SAN MIGUEL,CR 32 25 11,00451 - ALVERNIA,76834 - TULUA,3218724329,2348177,,H5221 ** Actividades de estaciones  vias y servicios complementarios para el transporte terrestre,G4759 ** Comercio al por menor de otros articulos domesticos en establecimientos especializados,G4520 ** Mantenimiento y reparacion de vehiculos automotores,,ACTIVIDADES DE ESTACIONES  VIAS Y SERVICIOS COMPLEMENTARIOS PARA EL TRANSPORTE TERRESTRE.COMERCIO AL POR MENOR DE OTROS ARTICULOS DOMESTICOS EN ESTABLECIMIENTOS ESPECIALIZADOS.MANTENIMIENTO Y REPARACION DE VEHICULOS AUTOMOTORES
CAMPERS TRACK,CR 5 NRO 2-14 CGTO LA TULIA,,76100 - BOLIVAR,3193582062,3196669862,,G4520 ** Mantenimiento y reparacion de vehiculos automotores,G4512 ** Comercio de vehiculos automotores usados,G4530 ** Comercio de partes  piezas (autopartes) y accesorios (lujos) para vehiculos automotores,A0150 ** Explotacion mixta (agricola y pecuaria),MANTENIMIENTO Y REPARACION DE VEHICULOS AUTOMOTORES.  COMERCIO DE VEHICULOS AUTOMOTORES USADOS  COMERCIO DE PARTES  PIEZAS (AUTOPARTES) Y ACCESORIOS (LUJOS) PARA VEHICULOS AUTOMOTORES.  EXPLOTACION MIXTA (AGRICOLA Y PECUARIA)
AUTOLUZ LA 30,CRA 30 NRO 16 04,00470 - POPULAR,76834 - TULUA,3178444057,,,G4520 ** Mantenimiento y reparacion de vehiculos automotores,G4530 ** Comercio de partes  piezas (autopartes) y accesorios (lujos) para vehiculos automotores,,,MANTENIMIENTO Y REPARACION DE VEHICULOS AUTOMOTORES. COMERCIO DE PARTES  PIEZAS (AUTOPARTES) Y ACCESORIOS (LUJOS) PARA VEHICULOS AUTOMOTORES
TECNICOS UNIDOS AUTOMOTRIZ HHJ,CALLE 26 30-66,00452 - CESPEDES,76834 - TULUA,3154848737,3128298368,,G4520 ** Mantenimiento y reparacion de vehiculos automotores,N8299 ** Otras actividades de servicio de apoyo a las empresas n.c.p.,,,MANTENIMIENTO Y REPARACION DE VEHICULOS AUTOMOTORES
TECNIAUTOS SR,CR 28 43 124,00487 - LA BASTILLA,76834 - TULUA,3182602470,,,G4520 ** Mantenimiento y reparacion de vehiculos automotores,,,,SERVICIO DE MECANICA AUTOMOTRIZ
AUTO TREJOS,CR 30 18 54,00474 - VILLANUEVA,76834 - TULUA,3113046697,,,G4520 ** Mantenimiento y reparacion de vehiculos automotores,,,,TALLER DE SERVICIO DE MECÁNICA AUTOMOTRIZ
VULCANIZADORA EL SAMAN DE LA 40,CR 4 10 47,00463 - ESTAMBUL,76834 - TULUA,3154617744,,,G4520 ** Mantenimiento y reparacion de vehiculos automotores,,,,MONTAJE Y DESPINCHADO DE LLANTAS
ESTETICA AUTOMOTRIZ Y LAVADO,CR 30 PARQUEADERO LA REINA,00451 - ALVERNIA,76834 - TULUA,3146025687,,,G4520 ** Mantenimiento y reparacion de vehiculos automotores,,,,MANTENIMIENTO Y REPARACION DE VEHICULOS AUTOMOTORES
NICOWSKI,CL 25 3 72,00508 - SAN PEDRO CLAVER,76834 - TULUA,3013172701,,,R9329 ** Otras actividades recreativas y de esparcimiento n.c.p.,G4520 ** Mantenimiento y reparacion de vehiculos automotores,,,OTRAS ACTIVIDADES RECREATIVAS Y DE ESPARCIMIENTO N.C.P.
MASTER AUTOS J E,CL 34 27 48,00492 - SALESIANO,76834 - TULUA,3183967812,3217388969,,G4520 ** Mantenimiento y reparacion de vehiculos automotores,,,,SERVICIO DE PINTURA AUTOMOTRIZ
TALLER PADILLA,K 30       28            93,00448 - VICTORIA,76834 - TULUA,2262106,3113248883,,G4520 ** Mantenimiento y reparacion de vehiculos automotores,,,,MANTENIMIENTO Y REPARACION DE VEHICULOS AUTOMOTORES
RADIADORES LA 21,CR 29 NRO 21 BIS-11,00474 - VILLANUEVA,76834 - TULUA,3156458866,3184654491,,G4520 ** Mantenimiento y reparacion de vehiculos automotores,,,,MANTENIMIENTO Y REPARACION DE VEHICULOS AUTOMOTORES: REPARACION DE RADIADORES.
BICICLETERIA EL NICHE,CARRERA 24A 15 00,00577 - MARACAIBO,76834 - TULUA,3153174038,3154493362,,S9529 ** Mantenimiento y reparacion de otros efectos personales y enseres domesticos,G4520 ** Mantenimiento y reparacion de vehiculos automotores,,,MANTENIMIENTO Y REPARACION DE BICICLETAS. MANTENIMIENTO Y REPARACION DE MOTOS
PARQUEADERO Y LAVADERO LA GALLERA RJ,CR 24 23 37,00476 - EL CENTRO,76834 - TULUA,3127728402,3185126847,,H5221 ** Actividades de estaciones  vias y servicios complementarios para el transporte terrestre,G4520 ** Mantenimiento y reparacion de vehiculos automotores,,,PARQUEADERO Y LAVADERO DE VEHICULOS
RIVER AUTOS RR,CL 23 29 08,00474 - VILLANUEVA,76834 - TULUA,3217756284,3163575695,3217756284,G4520 ** Mantenimiento y reparacion de vehiculos automotores,,,,MANTENIMIENTO Y REPARACION DE VEHICULOS AUTOMOTORES
AUTO TAPICERIA DON JAIME,CR 32 NRO 24-55,00452 - CESPEDES,76834 - TULUA,3175436972,3186941537,,G4520 ** Mantenimiento y reparacion de vehiculos automotores,S9524 ** Reparacion de muebles y accesorios para el hogar,,,REPARACIÓN DE TAPICERÍA DE VEHÍCULOS AUTOMOTORES. TAPIZADO  ACABADO  REPARACIÓN  DE MUEBLES Y ACCESORIOS DOMÉSTICOS  INCLUIDOS MUEBLES DE OFICINA Y DE CUERO.
TALLER ESTAMBUL,CR 40 13 02 LOCAL 3,00463 - ESTAMBUL,76834 - TULUA,3104194491,,,G4520 ** Mantenimiento y reparacion de vehiculos automotores,,,,MANTENIMIENTO Y REPARACION DE VEHICULOS AUTOMOTORES
ALMACEN DE SERVICIO ELECTRICO JUNELMO,C16        30       41,00453 - ENTRE RIOS,76834 - TULUA,2240595,,,G4520 ** Mantenimiento y reparacion de vehiculos automotores,,,,VENTA DE REPUESTOS ELECTRICOS
VULCANIZADORA Y TALLER LA SOMBRITA,CR 5 SUR 6 67 2 ETAPA,,76113 - BUGALAGRANDE,3113453468,3113278741,,G4520 ** Mantenimiento y reparacion de vehiculos automotores,,,,MONTAJE Y DESPINCHADO DE LLANTAS.
LAVATECA SAJONIA,CARRERA 20 ENTRE CALLE 32 33,00491 - SAJONIA,76834 - TULUA,3148716735,3133215611,,G4520 ** Mantenimiento y reparacion de vehiculos automotores,S9601 ** Lavado y limpieza  incluso la limpieza en seco  de productos textiles y de piel,,,AVADO  ENCERADA DE VEHICULOS AUTOMOTORES. EL LAVADO DE ALFOMBRAS Y TAPETES  Y LA LIMPIEZA DE CORTINAS Y TELONES  SE REALICEN EN EL  EN LA RESIDENCIA DEL CLIENTE.
AUTO PAISA,CL 21 29 14,00474 - VILLANUEVA,76834 - TULUA,3127405426,,,G4520 ** Mantenimiento y reparacion de vehiculos automotores,G4530 ** Comercio de partes  piezas (autopartes) y accesorios (lujos) para vehiculos automotores,,,MANTENIMIENTO Y REPARACION DE VEHICULOS AUTOMOTORES. COMERCIO DE PARTES  PIEZAS (AUTOPARTES) Y ACCESORIOS (LUJOS) PARA VEHICULOS AUTOMOTORES.
CASA FRENOS TULUA S.A.S.,CL 28 A 39 40,00446 - PANAMERICANO,76834 - TULUA,3137467929,3218126671,2259301,G4530 ** Comercio de partes  piezas (autopartes) y accesorios (lujos) para vehiculos automotores,G4520 ** Mantenimiento y reparacion de vehiculos automotores,G4731 ** Comercio al por menor de combustible para automotores,,COMERCIO DE PARTES  PIEZAS (AUTOPARTES) Y ACCESORIOS (LUJOS) PARA VEHICULOS AUTOMOTORES. MANTENIMIENTO Y REPARACION DE VEHICULOS AUTOMOTORES. COMERCIO AL POR MENOR DE COMBUSTIBLE PARA AUTOMOTORES.
TALLER FRANKLY GOMEZ,CR 30 16 04,00470 - POPULAR,76834 - TULUA,3155262432,3229211922,,G4520 ** Mantenimiento y reparacion de vehiculos automotores,G4530 ** Comercio de partes  piezas (autopartes) y accesorios (lujos) para vehiculos automotores,,,MANTENIMIENTO Y REPARACION DE VEHICULOS AUTOMOTORES. COMERCIO DE PARTES  PIEZAS (AUTOPARTES) Y ACCESORIOS (LUJOS) PARA VEHICULOS AUTOMOTORES.
DE ELITE CARWASH,CR 27 A 40 390,00481 - AVENIDA CALI,76834 - TULUA,3172657250,2316940,,G4520 ** Mantenimiento y reparacion de vehiculos automotores,G4732 ** Comercio al por menor de lubricantes (aceites  grasas)  aditivos y productos de limpieza para vehiculos automotores,K6511 ** Seguros generales,G4724 ** Comercio al por menor de bebidas y productos del tabaco  en establecimientos especializados,MANTENIMIENTO Y REPARACION DE VEHICULOS AUTOMOTORES. COMERCIO AL POR MENOR DE LUBRICANTES (ACEITES  GRASAS)  ADITIVOS Y PRODUCTOS DE LIMPIEZA PARA VEHÍCULOS AUTOMOTORES. VENTA DE SOAT. VENTA DE COMESTIBLES.(PAPAS DULCES  GASEOSAS. ENTRE OTROS)
LAVAPARKING J Y K,CR 25 35 51,00492 - SALESIANO,76834 - TULUA,2326434,3167673737,,G4520 ** Mantenimiento y reparacion de vehiculos automotores,H5221 ** Actividades de estaciones  vias y servicios complementarios para el transporte terrestre,G4724 ** Comercio al por menor de bebidas y productos del tabaco  en establecimientos especializados,,LAVADO DE VEHÍCULOS  AUTOMOTORES. SERVICIO DE PARQUEADERO DE CARROS Y MOTOS. VENTA DE GASEOSAS Y MECATO.
LAVATECA FULL CARS,CL 36   25   44,00492 - SALESIANO,76834 - TULUA,3157232224,3166913514,,G4520 ** Mantenimiento y reparacion de vehiculos automotores,I5613 ** Expendio de comidas preparadas en cafeterias,S9602 ** Peluqueria y otros tratamientos de belleza,G4752 ** Comercio al por menor de articulos de ferreteria  pinturas y productos de vidrio en establecimientos especializados,SERVICIO DE LAVADO DE AUTOS Y MOTOS  CAFETERIA  SERVICIO DE MANICURE Y PEDICURE Y CORTE DE CABELLO  COMERCIO DE ARTICULOS DE FERRETERIA.
TALLER BEDOYA RR,CARRERA 3 NRO. 8 60 B/ LAS AMERICAS CORREGIMIENTO DE FENICIA,,76616 - RIOFRIO,3122142340,3122142340,3122142340,G4520 ** Mantenimiento y reparacion de vehiculos automotores,,,,MANTENIMIENTO Y REPARACION DE VEHICULOS AUTOMOTORES
VULCANIZADORA LA QUINTA JR,CALLE 5 NRO. 7 - 75,,76616 - RIOFRIO,3136180710,3136170871,,G4520 ** Mantenimiento y reparacion de vehiculos automotores,,,,SERVICIO DE VULCANIZADORA
VULCANIZADORA LOS PROFESIONALES,CR 27 A 34 17,00481 - AVENIDA CALI,76834 - TULUA,3206719118,,,G4520 ** Mantenimiento y reparacion de vehiculos automotores,,,,SERVICIO DE VULCANIZADORA PARA CARROS Y MOTOS
RECAMBIOS SIMONCELLI,CR 5 9 09,,76036 - ANDALUCIA,3113926929,3205719835,,G4520 ** Mantenimiento y reparacion de vehiculos automotores,,,,MANTENIMIENTO Y REPARACION DE VEHICULOS AUTOMOTORES.
ELDERTRANS,CALLE 24 A NRO. 20 A 13 B/ LA PLAZUELA,,76828 - TRUJILLO,3126549802,3175591606,,H4922 ** Transporte mixto,G4799 ** Otros tipos de comercio al por menor no realizado en establecimientos  puestos de venta o mercados,G4520 ** Mantenimiento y reparacion de vehiculos automotores,,TRANSPORTE DE CARGA Y PASAJEROS. OTROS TIPOS DE COMERCIO AL POR MENOR NO REALIZADO EN ESTABLECIMIENTO  PUESTOS DE VENTA O MERCADOS. MANTENIMIENTO Y REPARACION DE VEHICULOS AUTOMOTORES.
