Registro,Dispositivo,Año de Nacimiento del encuestado,¿Conoce qué hace la institución INFITULUA?,¿Cuáles de estos servicios ha utilizado? ,¿Cómo calificaría los servicios de Infitulua si los ha utilizado recientemente?,Duración
2024-05-23 13:42:57,phone,17 03 1966,"Más o menos, pero no lo sé todo.",Cliente de Mercaplaza,No he utilizado los servicios,03:08
2024-05-23 13:12:16,phone,1997,"Si, lo sé muy bien","Cliente nueva Terminal de Transportes, Cliente del Bicentenario, Cliente de Mercaplaza, Cliente de La Galeria, Cliente Nuevo Centro Comercial Pabellón",Buenos,00:46
2024-05-23 12:33:26,phone,1956,"No, no conozco esta institución","Cliente nueva Terminal de Transportes, Cliente del Bicentenario",No he utilizado los servicios,01:16
2024-05-23 11:48:03,phone,04/14/1961,"Si, lo sé muy bien","Cliente nueva Terminal de Transportes, Cliente de La Galeria, Cliente Nuevo Centro Comercial Pabellón",Buenos,02:16
2024-05-23 11:44:17,phone,1956,"Más o menos, pero no lo sé todo.",Ninguno,Buenos,51:01
2024-05-23 11:34:09,phone,1984,"Sé que existe, pero no sé qué hace","Cliente nueva Terminal de Transportes, Cliente del Bicentenario, Cliente de Mercaplaza, Cliente de Urbanización Terranova, Cliente de La Galeria, Cliente Nuevo Centro Comercial Pabellón",Buenos,00:26
2024-05-23 11:32:46,phone,1984,"Sé que existe, pero no sé qué hace","Cliente nueva Terminal de Transportes, Cliente del Bicentenario, Cliente de Mercaplaza, Cliente de La Galeria, Cliente Nuevo Centro Comercial Pabellón",Pésimos,01:05
2024-05-23 11:07:17,phone,1999,"Si, lo sé muy bien","Cliente nueva Terminal de Transportes, Cliente del Bicentenario",Regulares,00:47
2024-05-23 11:00:40,phone,1972,"Sé que existe, pero no sé qué hace",Cliente de La Galeria,No he utilizado los servicios,00:42
2024-05-23 08:41:02,phone,1989,"Más o menos, pero no lo sé todo.",Ninguno,No he utilizado los servicios,00:46
2024-05-23 08:14:14,phone,1989,"Si, lo sé muy bien",Cliente nueva Terminal de Transportes,Buenos,00:49
2024-05-23 07:04:10,phone,Abril,"Sé que existe, pero no sé qué hace",Ninguno,No he utilizado los servicios,01:33
2024-05-23 00:43:53,phone,1954,"Sé que existe, pero no sé qué hace","Cliente nueva Terminal de Transportes, Cliente del Bicentenario, Cliente de La Galeria",Regulares,02:33
2024-05-23 00:22:29,phone,1990,"Si, lo sé muy bien","Cliente nueva Terminal de Transportes, Cliente del Bicentenario",Buenos,00:37
2024-05-23 00:21:16,phone,1984,"Si, lo sé muy bien",Cliente nueva Terminal de Transportes,Buenos,01:20
2024-05-23 00:12:49,phone,1980,"Si, lo sé muy bien","Cliente nueva Terminal de Transportes, Cliente del Bicentenario, Cliente de Urbanización Gualanday",Buenos,01:25
2024-05-23 00:00:33,phone,28-11-92,"Si, lo sé muy bien","Cliente nueva Terminal de Transportes, Cliente del Bicentenario, Cliente de Mercaplaza, Cliente de La Galeria",Buenos,01:27
2024-05-22 23:51:32,phone,1973,"Más o menos, pero no lo sé todo.","Cliente nueva Terminal de Transportes, Cliente del Bicentenario, Cliente de Mercaplaza, Cliente de La Galeria",Muy buenos,01:16
2024-05-22 23:49:22,phone,1962,"Si, lo sé muy bien","Cliente del Bicentenario, Cliente de Mercaplaza, Cliente de La Galeria, Cliente Nuevo Centro Comercial Pabellón",Muy buenos,01:08
2024-05-22 23:41:42,phone,86,"Si, lo sé muy bien",Cliente del Bicentenario,Regulares,01:31
2024-05-22 22:47:35,phone,02-02-1983,"Sé que existe, pero no sé qué hace",Ninguno,No he utilizado los servicios,01:13
2024-05-22 22:43:58,phone,17 05 68,"Más o menos, pero no lo sé todo.",Cliente de Urbanización Gualanday,Malos,01:01
2024-05-22 22:15:30,phone,1977,"Si, lo sé muy bien",Cliente de Urbanización Terranova,Pésimos,00:51
2024-05-22 21:16:49,phone,1987,"No, no conozco esta institución",Cliente nueva Terminal de Transportes,No he utilizado los servicios,01:31
2024-05-22 21:15:46,phone,16/04/1985,"Más o menos, pero no lo sé todo.",Cliente de Urbanización Terranova,Regulares,01:47
2024-05-22 21:08:37,phone,1971,"Más o menos, pero no lo sé todo.","Cliente nueva Terminal de Transportes, Cliente del Bicentenario, Cliente de Mercaplaza, Cliente de La Galeria, Cliente Nuevo Centro Comercial Pabellón",Regulares,00:50
2024-05-22 20:16:37,phone,1970,"Más o menos, pero no lo sé todo.",Cliente nueva Terminal de Transportes,Regulares,00:38
2024-05-22 19:59:14,phone,1989,"Más o menos, pero no lo sé todo.","Cliente nueva Terminal de Transportes, Cliente del Bicentenario",Muy buenos,00:34
2024-05-22 18:40:28,phone,30/09/1970,"Más o menos, pero no lo sé todo.",Ninguno,No he utilizado los servicios,00:53
2024-05-22 17:28:41,phone,1987,"Más o menos, pero no lo sé todo.","Cliente nueva Terminal de Transportes, Cliente del Bicentenario",Muy buenos,01:13
2024-05-22 15:42:48,phone,1953,"Más o menos, pero no lo sé todo.","Cliente nueva Terminal de Transportes, Cliente del Bicentenario",Regulares,01:03
2024-05-22 15:26:29,phone,1967,"Si, lo sé muy bien",Cliente de Urbanización Terranova,Regulares,00:49
2024-05-22 15:26:02,phone,30 6 1958,"Si, lo sé muy bien",Ninguno,No he utilizado los servicios,01:19
2024-05-22 14:59:00,phone,1967,"Sé que existe, pero no sé qué hace","Cliente nueva Terminal de Transportes, Cliente del Bicentenario, Cliente de Mercaplaza, Cliente de La Galeria, Cliente Nuevo Centro Comercial Pabellón",No he utilizado los servicios,00:47
2024-05-22 14:22:06,phone,1978,"Sé que existe, pero no sé qué hace",Ninguno,No he utilizado los servicios,00:44
2024-05-22 14:07:12,phone,1953,"Sé que existe, pero no sé qué hace","Cliente nueva Terminal de Transportes, Cliente del Bicentenario, Cliente de La Galeria",No he utilizado los servicios,01:55
2024-05-22 13:51:39,phone,1994,"Más o menos, pero no lo sé todo.","Cliente del Bicentenario, Cliente de La Galeria",Pésimos,00:48
2024-05-22 13:49:35,phone,1992,"Más o menos, pero no lo sé todo.",Cliente nueva Terminal de Transportes,Regulares,00:45
2024-05-22 12:33:40,phone,1949,"Sé que existe, pero no sé qué hace",Cliente nueva Terminal de Transportes,No he utilizado los servicios,01:08
2024-05-11 02:30:51,phone,1981,"Más o menos, pero no lo sé todo.",Ninguno,No he utilizado los servicios,00:48
2024-05-11 00:35:48,phone,1969,"Más o menos, pero no lo sé todo.",Cliente nueva Terminal de Transportes,Muy buenos,01:11
2024-05-10 23:46:46,phone,1978,"Más o menos, pero no lo sé todo.","Cliente nueva Terminal de Transportes, Cliente de La Galeria",No he utilizado los servicios,01:03
2024-05-10 23:36:25,phone,1987,"Si, lo sé muy bien","Cliente nueva Terminal de Transportes, Cliente del Bicentenario, Cliente de Mercaplaza, Cliente de La Galeria",No he utilizado los servicios,00:50
2024-05-10 22:59:17,phone,1968,"Más o menos, pero no lo sé todo.","Cliente nueva Terminal de Transportes, Cliente del Bicentenario, Cliente de La Galeria, Cliente Nuevo Centro Comercial Pabellón",Buenos,01:45
2024-05-10 19:13:18,phone,1979,"Más o menos, pero no lo sé todo.","Cliente nueva Terminal de Transportes, Cliente de La Galeria",Buenos,00:50
2024-05-10 19:04:03,phone,1973,"Más o menos, pero no lo sé todo.","Cliente nueva Terminal de Transportes, Cliente del Bicentenario, Cliente de La Galeria, Cliente Nuevo Centro Comercial Pabellón",Regulares,03:16
2024-05-10 19:00:59,phone,2001,"Si, lo sé muy bien",Cliente nueva Terminal de Transportes,Malos,00:30
2024-05-10 14:20:29,phone,2002,"Más o menos, pero no lo sé todo.","Cliente nueva Terminal de Transportes, Cliente del Bicentenario",Regulares,00:46
2024-05-10 11:30:05,phone,2005,"No, no conozco esta institución","Cliente nueva Terminal de Transportes, Cliente del Bicentenario, Cliente de La Galeria",Buenos,00:53
2024-05-10 09:57:01,phone,3 de abril  1999,"Si, lo sé muy bien",Cliente nueva Terminal de Transportes,Muy buenos,01:17
2024-05-09 23:48:47,phone,1969,"Si, lo sé muy bien",Ninguno,No he utilizado los servicios,00:55
2024-05-09 18:44:53,phone,1983,"Sé que existe, pero no sé qué hace","Cliente nueva Terminal de Transportes, Cliente del Bicentenario",Buenos,01:45
2024-05-09 18:38:29,phone,1971,"Más o menos, pero no lo sé todo.",Ninguno,No he utilizado los servicios,01:05
2024-05-09 14:49:22,phone,1971,"Más o menos, pero no lo sé todo.","Cliente del Bicentenario, Cliente Nuevo Centro Comercial Pabellón",Buenos,01:38
2024-05-08 03:05:40,phone,1992,"Sé que existe, pero no sé qué hace",Cliente nueva Terminal de Transportes,No he utilizado los servicios,00:56
2024-05-07 23:11:50,phone,1980,"Si, lo sé muy bien",Cliente de Urbanización Gualanday,Regulares,01:38
2024-05-07 21:36:56,phone,EXCELENTE SIGAMOS ASI PARA ADELANTE NO UN PASO ATRAS,,Ninguno,No he utilizado los servicios,02:29
2024-05-07 18:42:28,phone,1986,"Si, lo sé muy bien","Cliente nueva Terminal de Transportes, Cliente del Bicentenario",Buenos,00:42
2024-05-07 17:02:35,phone,1993,"Más o menos, pero no lo sé todo.",Ninguno,Regulares,00:51
2024-05-07 15:41:39,phone,1962,"Más o menos, pero no lo sé todo.","Cliente nueva Terminal de Transportes, Cliente del Bicentenario, Cliente de La Galeria, Cliente Nuevo Centro Comercial Pabellón",Regulares,00:50
2024-05-07 14:50:05,phone,31julio1986,"Si, lo sé muy bien",Cliente nueva Terminal de Transportes,Muy buenos,00:47
2024-05-07 14:09:41,phone,1992,"Más o menos, pero no lo sé todo.","Cliente nueva Terminal de Transportes, Cliente del Bicentenario, Cliente de Mercaplaza, Cliente de La Galeria, Cliente Nuevo Centro Comercial Pabellón",Buenos,00:35
2024-05-07 07:46:36,phone,1988,"Sé que existe, pero no sé qué hace",Ninguno,Regulares,00:51
2024-05-07 01:13:04,phone,1990,"Más o menos, pero no lo sé todo.",Cliente de Urbanización Terranova,Regulares,00:28
2024-05-06 18:15:27,phone,1997,"Si, lo sé muy bien",Ninguno,No he utilizado los servicios,00:39
2024-05-06 17:39:27,phone,2001,"Si, lo sé muy bien","Cliente nueva Terminal de Transportes, Cliente del Bicentenario, Cliente de La Galeria",Muy buenos,00:36
2024-05-06 09:45:36,phone,1987,"Más o menos, pero no lo sé todo.","Cliente nueva Terminal de Transportes, Cliente de La Galeria",No he utilizado los servicios,00:42
2024-05-05 18:08:12,phone,1963,"Más o menos, pero no lo sé todo.","Cliente nueva Terminal de Transportes, Cliente Nuevo Centro Comercial Pabellón",Buenos,00:54
2024-05-05 12:22:52,phone,1989,"Más o menos, pero no lo sé todo.",Cliente nueva Terminal de Transportes,Regulares,00:43
2024-05-05 10:41:25,phone,13/05/2011,"Más o menos, pero no lo sé todo.",Cliente nueva Terminal de Transportes,Regulares,01:15
2024-05-05 04:56:07,phone,1997,"Más o menos, pero no lo sé todo.","Cliente nueva Terminal de Transportes, Cliente del Bicentenario",No he utilizado los servicios,00:36
2024-05-05 03:00:59,phone,1986,"Más o menos, pero no lo sé todo.",Cliente de La Galeria,No he utilizado los servicios,00:35
2024-05-04 23:55:16,phone,1982,"No, no conozco esta institución",Ninguno,No he utilizado los servicios,00:37
2024-05-04 19:47:18,phone,1985,"Más o menos, pero no lo sé todo.","Cliente nueva Terminal de Transportes, Cliente del Bicentenario",No he utilizado los servicios,00:46
2024-05-04 19:00:51,phone,160889,"Si, lo sé muy bien",Cliente nueva Terminal de Transportes,Muy buenos,00:46
2024-05-04 18:53:02,phone,1994,"Si, lo sé muy bien",Ninguno,No he utilizado los servicios,00:49
2024-05-04 18:39:39,phone,1993,"Si, lo sé muy bien","Cliente nueva Terminal de Transportes, Cliente del Bicentenario, Cliente de Mercaplaza",Muy buenos,00:34
2024-05-04 17:57:59,phone,1980,"Más o menos, pero no lo sé todo.","Cliente del Bicentenario, Cliente de Mercaplaza, Cliente de La Galeria, Cliente Nuevo Centro Comercial Pabellón",Buenos,00:51
2024-05-04 11:43:00,phone,1992,"Más o menos, pero no lo sé todo.",Cliente nueva Terminal de Transportes,Buenos,00:35
2024-05-04 09:53:06,phone,1996,"Si, lo sé muy bien",Cliente nueva Terminal de Transportes,Regulares,00:42
2024-05-04 03:12:07,phone,1989,"Más o menos, pero no lo sé todo.",Ninguno,No he utilizado los servicios,01:00
2024-05-03 21:52:43,phone,1977,"Si, lo sé muy bien","Cliente nueva Terminal de Transportes, Cliente del Bicentenario, Cliente de La Galeria",Muy buenos,05:16
2024-05-03 21:37:26,phone,1979,"Sé que existe, pero no sé qué hace","Cliente nueva Terminal de Transportes, Cliente del Bicentenario, Cliente de Mercaplaza, Cliente de La Galeria, Cliente Nuevo Centro Comercial Pabellón",Muy buenos,01:09
2024-05-03 20:56:14,phone,1997,"Más o menos, pero no lo sé todo.","Cliente nueva Terminal de Transportes, Cliente del Bicentenario, Cliente de Urbanización Terranova, Cliente de La Galeria, Cliente Nuevo Centro Comercial Pabellón",Regulares,00:46
2024-05-03 20:53:08,phone,2006,"Más o menos, pero no lo sé todo.","Cliente nueva Terminal de Transportes, Cliente del Bicentenario",Muy buenos,01:49
2024-05-03 18:21:13,phone,10 octu,"Más o menos, pero no lo sé todo.",Ninguno,No he utilizado los servicios,00:43
2024-05-03 17:38:29,phone,1984,"Si, lo sé muy bien","Cliente nueva Terminal de Transportes, Cliente del Bicentenario",No he utilizado los servicios,00:57
2024-05-03 17:01:29,phone,1996,"Si, lo sé muy bien",Cliente nueva Terminal de Transportes,Regulares,01:02
2024-05-03 16:03:16,phone,1991,"Sé que existe, pero no sé qué hace","Cliente nueva Terminal de Transportes, Cliente del Bicentenario, Cliente de La Galeria",No he utilizado los servicios,01:07
2024-05-03 14:36:26,phone,1982,"Más o menos, pero no lo sé todo.","Cliente nueva Terminal de Transportes, Cliente de La Galeria",No he utilizado los servicios,01:12
2024-05-03 10:39:04,phone,4 septiembre/67,"Más o menos, pero no lo sé todo.",Cliente de La Galeria,Malos,01:29
2024-05-03 07:45:20,phone,1969,"Más o menos, pero no lo sé todo.",Cliente nueva Terminal de Transportes,No he utilizado los servicios,01:07
2024-05-03 06:56:20,phone,1988,"Sé que existe, pero no sé qué hace",Ninguno,Regulares,01:24
2024-05-02 23:58:45,phone,1976,"Sé que existe, pero no sé qué hace","Cliente de La Galeria, Ninguno",No he utilizado los servicios,00:40
2024-05-02 23:41:17,phone,91,"Si, lo sé muy bien","Cliente nueva Terminal de Transportes, Cliente del Bicentenario, Cliente de Mercaplaza, Cliente de La Galeria, Cliente Nuevo Centro Comercial Pabellón",Buenos,00:34
2024-05-02 23:34:04,phone,1990,"Más o menos, pero no lo sé todo.","Cliente nueva Terminal de Transportes, Cliente del Bicentenario",Buenos,00:56
2024-05-02 21:57:40,phone,1986,"Más o menos, pero no lo sé todo.","Cliente nueva Terminal de Transportes, Cliente del Bicentenario, Cliente de La Galeria, Cliente Nuevo Centro Comercial Pabellón",Buenos,01:12
2024-05-02 20:46:08,phone,11/26/1968,"Sé que existe, pero no sé qué hace","Cliente nueva Terminal de Transportes, Cliente del Bicentenario, Cliente Nuevo Centro Comercial Pabellón",No he utilizado los servicios,01:25
2024-04-26 22:58:20,phone,1974,"Si, lo sé muy bien","Cliente nueva Terminal de Transportes, Cliente del Bicentenario, Cliente de La Galeria, Cliente Nuevo Centro Comercial Pabellón",Buenos,01:57
2024-04-26 22:15:03,phone,90,"Si, lo sé muy bien","Cliente nueva Terminal de Transportes, Cliente del Bicentenario, Cliente de La Galeria, Cliente Nuevo Centro Comercial Pabellón",Buenos,01:13
2024-04-26 21:23:55,phone,1995,"Si, lo sé muy bien",Cliente nueva Terminal de Transportes,Regulares,00:45
2024-04-26 18:00:33,phone,1997,"Sé que existe, pero no sé qué hace",Cliente del Bicentenario,Muy buenos,00:44
2024-04-26 14:57:25,phone,29 12 88,"Más o menos, pero no lo sé todo.",Ninguno,Malos,00:39
2024-04-26 13:45:47,phone,Junio 13 1997,"Más o menos, pero no lo sé todo.","Cliente nueva Terminal de Transportes, Cliente del Bicentenario, Cliente de La Galeria",,00:59
2024-04-26 12:10:51,phone,1997,"Si, lo sé muy bien",Ninguno,Muy buenos,00:38
2024-04-26 08:26:11,phone,1979,"Más o menos, pero no lo sé todo.","Cliente nueva Terminal de Transportes, Cliente de La Galeria",No he utilizado los servicios,08:21
2024-04-26 07:29:36,phone,1978,"Más o menos, pero no lo sé todo.",Cliente del Bicentenario,Buenos,01:10
2024-04-26 00:44:38,phone,02 02 1980,"Sé que existe, pero no sé qué hace",Ninguno,No he utilizado los servicios,01:56
2024-04-25 23:19:51,phone,1994,"Más o menos, pero no lo sé todo.","Cliente nueva Terminal de Transportes, Cliente del Bicentenario, Cliente de La Galeria, Cliente Nuevo Centro Comercial Pabellón",Regulares,01:01
2024-04-25 22:49:08,phone,1988,"Más o menos, pero no lo sé todo.","Cliente nueva Terminal de Transportes, Cliente del Bicentenario, Cliente de Mercaplaza, Cliente de Urbanización Terranova, Cliente de Urbanización Gualanday, Cliente de La Galeria",Muy buenos,00:28
2024-04-25 20:52:07,phone,1995,"Si, lo sé muy bien","Cliente nueva Terminal de Transportes, Cliente del Bicentenario, Cliente de Mercaplaza",Muy buenos,00:26
2024-04-25 20:40:49,phone,3 julio 95,"Sé que existe, pero no sé qué hace","Cliente del Bicentenario, Cliente Nuevo Centro Comercial Pabellón",No he utilizado los servicios,01:40
2024-04-25 20:19:40,phone,27 08 1986,"Si, lo sé muy bien","Cliente nueva Terminal de Transportes, Cliente del Bicentenario, Cliente de Mercaplaza, Cliente de Urbanización Terranova, Cliente de La Galeria, Cliente Nuevo Centro Comercial Pabellón",Regulares,01:14
2024-04-25 19:35:14,phone,21 de febrero 2004,"Más o menos, pero no lo sé todo.","Cliente nueva Terminal de Transportes, Cliente del Bicentenario, Cliente de Mercaplaza, Cliente de La Galeria",No he utilizado los servicios,01:01
2024-04-25 19:16:17,phone,2000,"Si, lo sé muy bien",Ninguno,No he utilizado los servicios,00:36
2024-04-25 19:11:56,phone,1977,"Más o menos, pero no lo sé todo.","Cliente nueva Terminal de Transportes, Cliente del Bicentenario, Cliente de La Galeria",Regulares,22:54
2024-04-25 19:08:09,phone,1997,"Si, lo sé muy bien","Cliente nueva Terminal de Transportes, Cliente del Bicentenario, Cliente de La Galeria, Cliente Nuevo Centro Comercial Pabellón",Malos,00:49
2024-04-25 18:33:49,phone,1972,"Si, lo sé muy bien","Cliente nueva Terminal de Transportes, Cliente del Bicentenario, Cliente de Mercaplaza, Cliente de Urbanización Terranova, Cliente de La Galeria",Muy buenos,01:21
2024-04-25 18:11:33,phone,1981,"Si, lo sé muy bien",Ninguno,Buenos,00:29
2024-04-19 00:10:27,phone,1983,"Si, lo sé muy bien",Cliente nueva Terminal de Transportes,Buenos,00:43
2024-04-18 11:21:30,phone,1970,"Si, lo sé muy bien","Cliente nueva Terminal de Transportes, Cliente del Bicentenario, Cliente de La Galeria",No he utilizado los servicios,01:11
2024-04-17 23:42:04,phone,1986,"Más o menos, pero no lo sé todo.","Cliente nueva Terminal de Transportes, Cliente del Bicentenario, Cliente de La Galeria",Muy buenos,00:56
2024-04-17 17:30:00,phone,1976,"Si, lo sé muy bien","Cliente nueva Terminal de Transportes, Cliente del Bicentenario, Cliente Nuevo Centro Comercial Pabellón",Muy buenos,00:47
2024-04-17 16:07:18,computer,1996,"Si, lo sé muy bien","Cliente nueva Terminal de Transportes, Cliente del Bicentenario, Cliente de Mercaplaza, Cliente de Urbanización Terranova, Cliente de Urbanización Gualanday, Cliente de La Galeria, Cliente Nuevo Centro Comercial Pabellón",Muy buenos,00:53
2024-04-17 15:58:59,phone,1973,"Si, lo sé muy bien",Cliente de Urbanización Gualanday,Buenos,01:39
2024-04-17 15:56:33,phone,2003,"Si, lo sé muy bien","Cliente nueva Terminal de Transportes, Cliente del Bicentenario, Cliente de Mercaplaza, Cliente de La Galeria, Cliente Nuevo Centro Comercial Pabellón",Muy buenos,02:56
2024-04-17 15:55:27,phone,26/05/1989,"Si, lo sé muy bien",Ninguno,Muy buenos,00:38
2024-04-17 15:54:58,phone,1977,"Si, lo sé muy bien","Cliente nueva Terminal de Transportes, Cliente del Bicentenario, Cliente de Mercaplaza, Cliente de La Galeria",Muy buenos,02:30
2024-04-17 15:06:17,phone,1991,"Si, lo sé muy bien",Ninguno,Muy buenos,00:35
2024-04-17 14:05:38,phone,1992,"Más o menos, pero no lo sé todo.","Cliente nueva Terminal de Transportes, Cliente del Bicentenario, Cliente de Mercaplaza, Cliente de La Galeria",Muy buenos,02:00
2024-04-17 13:18:27,phone,1987,"Más o menos, pero no lo sé todo.","Cliente nueva Terminal de Transportes, Cliente del Bicentenario, Cliente de La Galeria",Buenos,01:02
2024-04-17 13:12:06,computer,1991,"Más o menos, pero no lo sé todo.",Ninguno,Regulares,00:31
2024-04-17 13:08:38,computer,1989,"Si, lo sé muy bien","Cliente nueva Terminal de Transportes, Cliente del Bicentenario, Cliente de La Galeria",Muy buenos,02:05
2024-04-17 12:56:16,phone,22 mayo 1996,"Sé que existe, pero no sé qué hace","Cliente nueva Terminal de Transportes, Cliente Nuevo Centro Comercial Pabellón",Buenos,00:36
2024-04-09 13:12:17,computer,,,,,21:36
2024-04-09 12:35:02,computer,,"No, no tengo conocimiento de esta institución",Cliente de la ciudadela,No he utilizado los servicios,03:45
2024-04-08 21:40:23,computer,,,,,53:33
2024-04-08 20:53:20,phone,,Entiendo pero no tengo pleno conocimiento,,,00:43
2024-05-23 13:15:26,teléfono,1980,"Más o menos, pero no lo sé todo.","Cliente nueva Terminal de Transportes, Cliente del Bicentenario, Cliente de Mercaplaza, Cliente de La Galeria, Cliente Nuevo Centro Comercial Pabellón",Muy buenos,00:54
2024-05-23 13:17:03,teléfono,1994,"Si, lo sé muy bien",Cliente de Urbanización Terranova,Pésimos,00:26
2024-05-23 13:32:31,teléfono,,"Si, lo sé muy bien",Cliente del Bicentenario,Pésimos,01:01
2024-05-23 13:47:41,teléfono,2000,"Si, lo sé muy bien","Cliente nueva Terminal de Transportes, Cliente del Bicentenario, Cliente de La Galeria",No he utilizado los servicios,00:42
2024-05-23 14:00:41,teléfono,2004,"Más o menos, pero no lo sé todo.","Cliente nueva Terminal de Transportes, Cliente del Bicentenario, Cliente de La Galeria",Buenos,01:02
2024-05-23 14:14:47,teléfono,1975,"Más o menos, pero no lo sé todo.","Cliente nueva Terminal de Transportes, Cliente del Bicentenario",Buenos,00:45
2024-05-23 15:28:03,teléfono,1960,"No, no conozco esta institución",Ninguno,Pésimos,00:46
2024-05-23 16:31:35,teléfono,1967,"Si, lo sé muy bien",Ninguno,No he utilizado los servicios,03:17
2024-05-23 17:00:28,teléfono,1966,"Más o menos, pero no lo sé todo.","Cliente nueva Terminal de Transportes, Cliente del Bicentenario, Cliente de La Galeria, Cliente Nuevo Centro Comercial Pabellón",Regulares,00:53
2024-05-23 18:26:21,teléfono,1955,"Más o menos, pero no lo sé todo.","Cliente nueva Terminal de Transportes, Cliente del Bicentenario, Cliente de La Galeria",No he utilizado los servicios,00:52
2024-05-23 19:12:41,computer,1982,"Más o menos, pero no lo sé todo.","Cliente nueva Terminal de Transportes, Cliente del Bicentenario, Cliente Nuevo Centro Comercial Pabellón",Muy buenos,00:44
2024-05-23 20:00:55,teléfono,1971,"Si, lo sé muy bien","Cliente nueva Terminal de Transportes, Cliente del Bicentenario, Cliente de La Galeria, Cliente Nuevo Centro Comercial Pabellón",Buenos,00:41
2024-05-23 20:09:19,teléfono,1985,"Más o menos, pero no lo sé todo.",Cliente nueva Terminal de Transportes,No he utilizado los servicios,00:33
2024-05-23 20:24:29,teléfono,1982,"No, no conozco esta institución","Cliente nueva Terminal de Transportes, Cliente del Bicentenario",Regulares,00:44
2024-05-23 21:20:25,teléfono,1972,"Si, lo sé muy bien",Cliente nueva Terminal de Transportes,Muy buenos,00:43
2024-05-23 21:39:19,teléfono,1987,"Sé que existe, pero no sé qué hace",Ninguno,No he utilizado los servicios,00:28
2024-05-23 21:58:41,teléfono,1992,"Más o menos, pero no lo sé todo.",Cliente de La Galeria,Pésimos,00:44
2024-05-23 23:21:44,teléfono,1966,"Más o menos, pero no lo sé todo.","Cliente nueva Terminal de Transportes, Cliente del Bicentenario",Buenos,00:53
2024-05-24 06:59:21,teléfono,1994,"Si, lo sé muy bien",Cliente nueva Terminal de Transportes,Regulares,00:34
2024-05-24 07:35:02,teléfono,1984,"Más o menos, pero no lo sé todo.","Cliente nueva Terminal de Transportes, Cliente del Bicentenario",Muy buenos,00:43
2024-05-24 11:07:00,teléfono,1984,"Más o menos, pero no lo sé todo.",Cliente de Mercaplaza,Regulares,00:52
2024-04-08 19:49:30,teléfono,1990,"Si, lo sé muy bien",Cliente de Mercaplaza,No he utilizado los servicios,54:18
2024-05-27 10:10:00,teléfono,1968,"Si, lo sé muy bien",Ninguno,Muy buenos,00:34
2024-05-28 21:00:58,teléfono,1977,"Más o menos, pero no lo sé todo.","Cliente de Urbanización Terranova, Cliente de Urbanización Gualanday",Malos,00:53
2024-05-29 10:52:54,teléfono,1994,"Si, lo sé muy bien",Ninguno,Regulares,00:44
2024-05-29 15:52:19,teléfono,1965,"Si, lo sé muy bien",Ninguno,Pésimos,02:59
2024-05-30 08:34:29,teléfono,1962,"Más o menos, pero no lo sé todo.","Cliente del Bicentenario, Cliente de La Galeria",Malos,01:04
2024-05-30 14:45:11,teléfono,1950,"Sé que existe, pero no sé qué hace","Cliente del Bicentenario, Cliente de La Galeria",Buenos,03:19
2024-06-01 15:26:48,teléfono,10 15 64,"Si, lo sé muy bien",Ninguno,Pésimos,00:34
2024-06-01 21:51:27,teléfono,1993,"Más o menos, pero no lo sé todo.","Cliente nueva Terminal de Transportes, Cliente del Bicentenario, Cliente de La Galeria, Cliente Nuevo Centro Comercial Pabellón",Buenos,01:21
2024-06-02 14:40:48,teléfono,30 6 1958,"Si, lo sé muy bien","Cliente de La Galeria, Cliente Nuevo Centro Comercial Pabellón",Muy buenos,03:14
2024-06-03 22:51:04,teléfono,1977,"Si, lo sé muy bien",Ninguno,No he utilizado los servicios,00:23
2024-06-05 00:34:46,teléfono,1985,"Más o menos, pero no lo sé todo.",Cliente de Urbanización Terranova,No he utilizado los servicios,01:25
2024-05-29 08:53:33,teléfono,1960,"Si, lo sé muy bien",Ninguno,Pésimos,47:39
2024-06-05 11:04:15,computer,1965,"Sé que existe, pero no sé qué hace",Cliente de La Galeria,Pésimos,01:07
2024-06-05 11:54:02,teléfono,1953,"Más o menos, pero no lo sé todo.","Cliente nueva Terminal de Transportes, Cliente del Bicentenario",Buenos,01:28
2024-06-05 12:15:53,teléfono,09 07 80,"Sé que existe, pero no sé qué hace",Cliente nueva Terminal de Transportes,No he utilizado los servicios,02:08
2024-06-05 13:39:15,teléfono,1976,"Si, lo sé muy bien","Cliente nueva Terminal de Transportes, Cliente del Bicentenario, Cliente de Mercaplaza, Cliente de Urbanización Terranova, Cliente de Urbanización Gualanday, Cliente de La Galeria, Cliente Nuevo Centro Comercial Pabellón",Muy buenos,01:04
2024-06-05 15:34:12,teléfono,1980,"Más o menos, pero no lo sé todo.","Cliente nueva Terminal de Transportes, Cliente del Bicentenario, Cliente de La Galeria, Cliente Nuevo Centro Comercial Pabellón",Buenos,00:36
2024-06-06 07:11:09,teléfono,1979,"Si, lo sé muy bien",Ninguno,Regulares,00:48
2024-06-06 07:57:30,teléfono,1964,"Si, lo sé muy bien",Cliente de Urbanización Gualanday,Malos,00:30
2024-06-06 19:46:30,teléfono,1977,"Si, lo sé muy bien",Cliente de Urbanización Terranova,Pésimos,00:57
2024-06-07 15:41:44,teléfono,1982,"Sé que existe, pero no sé qué hace",Ninguno,No he utilizado los servicios,00:55
2024-06-07 18:00:55,teléfono,1975,"Sé que existe, pero no sé qué hace",Cliente de La Galeria,No he utilizado los servicios,02:29
2024-06-07 18:03:56,teléfono,1975,"Sé que existe, pero no sé qué hace","Cliente del Bicentenario, Cliente de La Galeria",No he utilizado los servicios,00:35
2024-06-07 18:08:41,teléfono,22 - 04 - 59,"Si, lo sé muy bien","Cliente nueva Terminal de Transportes, Cliente del Bicentenario, Cliente de Mercaplaza, Cliente de La Galeria, Cliente Nuevo Centro Comercial Pabellón",Muy buenos,01:30
2024-06-07 21:51:38,teléfono,6.  7   1959,"Más o menos, pero no lo sé todo.",Cliente del Bicentenario,No he utilizado los servicios,04:03
2024-06-08 04:39:10,teléfono,1989,"Si, lo sé muy bien",Ninguno,Muy buenos,00:32
2024-06-09 00:50:01,teléfono,1981,"Si, lo sé muy bien",Cliente de Urbanización Gualanday,No he utilizado los servicios,00:57
2024-06-09 07:19:26,teléfono,1982,"Si, lo sé muy bien","Cliente nueva Terminal de Transportes, Cliente del Bicentenario",Muy buenos,00:42
2024-06-09 13:04:27,teléfono,1977,"Si, lo sé muy bien",Cliente de Urbanización Terranova,Pésimos,00:41
2024-06-09 14:43:06,teléfono,22 04 59,"Si, lo sé muy bien","Cliente nueva Terminal de Transportes, Cliente del Bicentenario, Cliente de Mercaplaza, Cliente de Urbanización Terranova, Cliente de La Galeria, Cliente Nuevo Centro Comercial Pabellón",Muy buenos,00:52
2024-06-09 18:15:07,teléfono,1982,"Sé que existe, pero no sé qué hace",Ninguno,No he utilizado los servicios,00:30
2024-06-09 20:20:30,teléfono,2008,"Más o menos, pero no lo sé todo.","Cliente nueva Terminal de Transportes, Cliente del Bicentenario",Buenos,01:34
2024-06-10 00:42:22,teléfono,Julio 27 de 1969,"Si, lo sé muy bien","Cliente nueva Terminal de Transportes, Cliente del Bicentenario, Cliente de La Galeria",Regulares,01:11
2024-06-10 04:07:54,teléfono,1995,"Si, lo sé muy bien",Cliente de La Galeria,Pésimos,00:36
2024-06-10 12:51:00,teléfono,22 04 59,"Si, lo sé muy bien","Cliente nueva Terminal de Transportes, Cliente del Bicentenario, Cliente de Mercaplaza, Cliente de La Galeria, Cliente Nuevo Centro Comercial Pabellón",Muy buenos,00:36
2024-06-11 17:44:49,teléfono,1962,"Sé que existe, pero no sé qué hace","Cliente nueva Terminal de Transportes, Cliente del Bicentenario, Cliente de La Galeria, Cliente Nuevo Centro Comercial Pabellón",Buenos,00:42
2024-06-11 19:20:16,teléfono,30/09/1970,"Sé que existe, pero no sé qué hace",Ninguno,No he utilizado los servicios,01:04
2024-06-11 20:36:38,teléfono,1969,"Si, lo sé muy bien","Cliente nueva Terminal de Transportes, Cliente del Bicentenario, Cliente de La Galeria",Buenos,01:22
2024-06-11 20:52:35,teléfono,1960,"Si, lo sé muy bien",Ninguno,Malos,02:15
2024-06-13 10:53:22,computer,1950,,Ninguno,,01:07
2024-06-13 14:33:11,teléfono,1997,"Sé que existe, pero no sé qué hace","Cliente nueva Terminal de Transportes, Cliente del Bicentenario, Cliente de La Galeria",No he utilizado los servicios,00:36
2024-06-13 14:37:27,computer,1997,,"Cliente nueva Terminal de Transportes, Cliente del Bicentenario",,02:26
2024-06-13 14:40:44,computer,1997,,"Cliente nueva Terminal de Transportes, Cliente del Bicentenario, Cliente de Mercaplaza",,01:38
2024-06-14 13:42:34,computer,1996,,Cliente nueva Terminal de Transportes,,02:21
2024-07-03 17:07:20,teléfono,1977,"Si, lo sé muy bien","Cliente nueva Terminal de Transportes, Cliente del Bicentenario, Cliente de Mercaplaza, Cliente de La Galeria",Muy buenos,01:30
2024-07-03 17:18:27,teléfono,09/12/1980,"Si, lo sé muy bien",Cliente de La Galeria,Pésimos,00:37
2024-07-03 17:19:32,teléfono,12/09/1990,"Si, lo sé muy bien","Cliente del Bicentenario, Cliente de La Galeria",Pésimos,00:19
2024-07-03 17:20:03,teléfono,09/09/1987,"Si, lo sé muy bien","Cliente del Bicentenario, Cliente de Mercaplaza, Cliente de Urbanización Terranova, Cliente de La Galeria",Pésimos,00:13
2024-07-03 17:20:55,teléfono,20/01/1980,"Si, lo sé muy bien","Cliente del Bicentenario, Cliente de Mercaplaza, Cliente de Urbanización Terranova, Cliente de Urbanización Gualanday, Cliente de La Galeria",Pésimos,00:14
2024-07-03 17:21:27,teléfono,02/10/1990,"Si, lo sé muy bien","Cliente del Bicentenario, Cliente de Mercaplaza, Cliente de Urbanización Terranova, Cliente de Urbanización Gualanday, Cliente de La Galeria",Pésimos,00:16
2024-07-03 17:21:58,teléfono,02/01/1880,"Si, lo sé muy bien","Cliente del Bicentenario, Cliente de Mercaplaza, Cliente de Urbanización Terranova, Cliente de La Galeria, Cliente Nuevo Centro Comercial Pabellón",Pésimos,00:16
2024-07-03 17:22:25,teléfono,20/03/1991,"Si, lo sé muy bien","Cliente del Bicentenario, Cliente de Mercaplaza, Cliente de Urbanización Terranova, Cliente de Urbanización Gualanday, Cliente de La Galeria",Pésimos,00:12
2024-07-04 07:00:58,teléfono,1967,"Si, lo sé muy bien","Cliente nueva Terminal de Transportes, Cliente del Bicentenario, Cliente de Mercaplaza, Cliente de La Galeria",Buenos,01:22
2024-07-04 10:37:49,teléfono,25/04/1990,"Si, lo sé muy bien",Ninguno,Regulares,00:54
2024-07-04 11:04:07,teléfono,1982,"Más o menos, pero no lo sé todo.","Cliente nueva Terminal de Transportes, Cliente del Bicentenario",No he utilizado los servicios,01:10
2024-07-04 11:18:30,teléfono,1972,"Si, lo sé muy bien","Cliente nueva Terminal de Transportes, Cliente del Bicentenario, Cliente de La Galeria",Muy buenos,00:42
2024-07-04 13:45:26,teléfono,1983,"Más o menos, pero no lo sé todo.","Cliente nueva Terminal de Transportes, Cliente de La Galeria",No he utilizado los servicios,00:36
2024-07-04 13:51:45,teléfono,1977,"Más o menos, pero no lo sé todo.","Cliente de Urbanización Terranova, Cliente de Urbanización Gualanday",Regulares,00:56
2024-07-04 16:13:47,teléfono,1990,"Más o menos, pero no lo sé todo.","Cliente nueva Terminal de Transportes, Cliente del Bicentenario, Cliente de La Galeria",Malos,00:53
2024-07-04 16:49:30,teléfono,1961,,"Cliente nueva Terminal de Transportes, Cliente Nuevo Centro Comercial Pabellón",No he utilizado los servicios,01:51
2024-07-04 20:37:12,teléfono,1966,"Más o menos, pero no lo sé todo.","Cliente nueva Terminal de Transportes, Cliente de Urbanización Terranova, Cliente de Urbanización Gualanday",Regulares,02:16
2024-07-05 11:51:01,teléfono,1991,"Si, lo sé muy bien",Cliente del Bicentenario,Muy buenos,00:21
2024-07-05 12:21:14,teléfono,1996,"Si, lo sé muy bien","Cliente nueva Terminal de Transportes, Cliente del Bicentenario, Cliente de Mercaplaza, Cliente Nuevo Centro Comercial Pabellón",Buenos,00:47
2024-07-05 13:16:57,teléfono,1962,"Si, lo sé muy bien","Cliente nueva Terminal de Transportes, Cliente del Bicentenario, Cliente de La Galeria, Cliente Nuevo Centro Comercial Pabellón",Muy buenos,01:27
2024-07-05 13:25:00,teléfono,1995,"Más o menos, pero no lo sé todo.","Cliente nueva Terminal de Transportes, Cliente del Bicentenario, Cliente de La Galeria",Muy buenos,00:40
2024-07-05 21:39:29,teléfono,1995,"Si, lo sé muy bien",Ninguno,Muy buenos,00:23
2024-07-06 10:12:11,teléfono,47,"Si, lo sé muy bien","Cliente nueva Terminal de Transportes, Cliente del Bicentenario, Cliente de La Galeria, Cliente Nuevo Centro Comercial Pabellón",Buenos,00:48
2024-07-08 17:47:16,teléfono,1995,"Si, lo sé muy bien","Cliente nueva Terminal de Transportes, Cliente del Bicentenario, Cliente de Mercaplaza",Muy buenos,00:37
2024-07-08 17:46:41,teléfono,1999,"Si, lo sé muy bien","Cliente nueva Terminal de Transportes, Cliente del Bicentenario, Cliente de Mercaplaza",Buenos,01:19
2024-07-08 20:18:40,teléfono,1993,"Más o menos, pero no lo sé todo.",Cliente nueva Terminal de Transportes,Buenos,00:45
2024-07-08 21:09:23,teléfono,2000,"Sé que existe, pero no sé qué hace","Cliente nueva Terminal de Transportes, Cliente del Bicentenario",Buenos,00:57
2024-07-10 04:33:40,teléfono,1985,"Más o menos, pero no lo sé todo.","Cliente nueva Terminal de Transportes, Cliente del Bicentenario, Cliente de La Galeria",Buenos,01:19
2024-07-12 15:00:04,teléfono,23/04/2000,"Si, lo sé muy bien",Ninguno,Muy buenos,00:44
2024-07-12 18:48:52,teléfono,1988,"No, no conozco esta institución","Cliente de Urbanización Terranova, Cliente de Urbanización Gualanday",Pésimos,00:34
2024-07-12 18:50:57,teléfono,1985,"Si, lo sé muy bien",Cliente de Urbanización Terranova,Pésimos,00:21
2024-07-12 18:50:39,teléfono,13/09/1983,"Si, lo sé muy bien",Cliente de Urbanización Terranova,Pésimos,00:56
2024-07-12 19:09:46,teléfono,1983,"Si, lo sé muy bien","Cliente del Bicentenario, Cliente de Urbanización Terranova",Pésimos,00:40
2024-07-12 19:21:08,teléfono,1979,"Si, lo sé muy bien",Cliente de Urbanización Terranova,Pésimos,00:42
2024-07-12 19:44:08,teléfono,1990,"Si, lo sé muy bien",Cliente de Urbanización Terranova,Pésimos,00:43
2024-07-12 19:51:16,teléfono,9 de agosto 1973,,Cliente de Urbanización Terranova,Pésimos,01:02
2024-07-12 19:52:45,teléfono,1977,"Si, lo sé muy bien",Cliente de Urbanización Terranova,Pésimos,00:56
2024-07-12 19:53:52,teléfono,1984,"Si, lo sé muy bien",Cliente de Urbanización Terranova,Pésimos,00:25
2024-07-12 20:38:05,teléfono,6 de marzo de 1984,"Sé que existe, pero no sé qué hace",Ninguno,No he utilizado los servicios,01:52
2024-07-12 20:56:27,teléfono,1961,"Si, lo sé muy bien","Cliente nueva Terminal de Transportes, Cliente del Bicentenario",Muy buenos,00:44
2024-07-12 22:15:06,teléfono,1962,"Más o menos, pero no lo sé todo.","Cliente nueva Terminal de Transportes, Cliente del Bicentenario, Cliente de La Galeria, Cliente Nuevo Centro Comercial Pabellón",No he utilizado los servicios,01:25
2024-07-13 05:36:12,teléfono,Lo peor infitulua llevamos 7 años esperando que nos entreguen  los lotes de terrenoba y nada asta cuando hay que esperar,"Si, lo sé muy bien",Cliente de Urbanización Terranova,Pésimos,02:53
2024-07-15 23:03:35,teléfono,2006,"Sé que existe, pero no sé qué hace",Cliente nueva Terminal de Transportes,Muy buenos,01:43
2024-07-15 23:22:00,teléfono,20/06/1997,"Si, lo sé muy bien","Cliente nueva Terminal de Transportes, Cliente del Bicentenario",Muy buenos,00:56
2024-07-15 23:54:59,teléfono,1984,"Si, lo sé muy bien","Cliente nueva Terminal de Transportes, Cliente del Bicentenario, Cliente de Urbanización Terranova",Buenos,00:49
2024-07-16 00:22:58,teléfono,1990,"Si, lo sé muy bien","Cliente nueva Terminal de Transportes, Cliente del Bicentenario, Cliente Nuevo Centro Comercial Pabellón",Pésimos,00:27
2024-07-16 11:03:53,teléfono,1999,"Más o menos, pero no lo sé todo.","Cliente nueva Terminal de Transportes, Cliente del Bicentenario, Cliente de Mercaplaza, Cliente de Urbanización Terranova, Cliente de Urbanización Gualanday, Cliente de La Galeria, Cliente Nuevo Centro Comercial Pabellón",Pésimos,00:50
2024-07-16 16:39:34,teléfono,01031994,"Si, lo sé muy bien","Cliente nueva Terminal de Transportes, Cliente del Bicentenario",Buenos,00:41
2024-07-16 16:45:36,teléfono,1994,"Si, lo sé muy bien","Cliente nueva Terminal de Transportes, Cliente del Bicentenario",Regulares,00:32
2024-07-17 11:24:09,teléfono,94,"Más o menos, pero no lo sé todo.","Cliente nueva Terminal de Transportes, Cliente de La Galeria",Buenos,00:40
2024-07-18 10:57:56,teléfono,1996,"Si, lo sé muy bien","Cliente nueva Terminal de Transportes, Cliente de La Galeria, Cliente Nuevo Centro Comercial Pabellón",Regulares,00:37
2024-07-18 11:57:01,teléfono,1967,"Más o menos, pero no lo sé todo.","Cliente nueva Terminal de Transportes, Cliente del Bicentenario, Cliente de Mercaplaza, Cliente de La Galeria, Cliente Nuevo Centro Comercial Pabellón",Muy buenos,01:04
2024-07-18 18:06:26,teléfono,1991,"Más o menos, pero no lo sé todo.",Cliente del Bicentenario,Buenos,00:52
2024-07-18 19:12:17,teléfono,081078,"Sé que existe, pero no sé qué hace",Cliente de Urbanización Terranova,Muy buenos,02:36
2024-07-18 19:55:02,teléfono,22-02-1969,"Más o menos, pero no lo sé todo.","Cliente del Bicentenario, Cliente de La Galeria",Buenos,01:00
2024-07-18 21:44:48,teléfono,1060,"Si, lo sé muy bien",Cliente del Bicentenario,Buenos,00:54
2024-07-19 18:34:27,teléfono,1988,"Sé que existe, pero no sé qué hace",Cliente nueva Terminal de Transportes,No he utilizado los servicios,00:37
2024-07-20 08:25:12,teléfono,1992,"No, no conozco esta institución","Cliente nueva Terminal de Transportes, Cliente del Bicentenario",Buenos,01:12
2024-07-30 22:54:09,teléfono,2005,"Sé que existe, pero no sé qué hace","Cliente nueva Terminal de Transportes, Cliente de La Galeria",No he utilizado los servicios,00:50
2024-07-31 15:07:23,teléfono,47,"Si, lo sé muy bien","Cliente nueva Terminal de Transportes, Cliente del Bicentenario",Regulares,00:53
2024-07-31 15:29:17,teléfono,1993,"Sé que existe, pero no sé qué hace",Ninguno,No he utilizado los servicios,00:46
2024-07-31 22:59:04,teléfono,1993,"Sé que existe, pero no sé qué hace","Cliente nueva Terminal de Transportes, Cliente del Bicentenario, Cliente de La Galeria, Cliente Nuevo Centro Comercial Pabellón",No he utilizado los servicios,00:34
2024-08-01 08:01:29,teléfono,1993,"Sé que existe, pero no sé qué hace","Cliente nueva Terminal de Transportes, Cliente del Bicentenario, Cliente de La Galeria, Cliente Nuevo Centro Comercial Pabellón",Regulares,01:06
2024-08-03 15:51:48,teléfono,1970,"Sé que existe, pero no sé qué hace",Cliente del Bicentenario,No he utilizado los servicios,00:50
2024-08-03 17:54:57,teléfono,1984,"Más o menos, pero no lo sé todo.",Cliente de Urbanización Terranova,Regulares,00:28
2024-08-03 19:06:51,teléfono,31 nov 1992,"No, no conozco esta institución",Ninguno,No he utilizado los servicios,00:47
2024-08-05 23:39:54,teléfono,24/11/1992,"Más o menos, pero no lo sé todo.",Cliente nueva Terminal de Transportes,Buenos,01:05
2024-08-13 12:20:05,teléfono,1993,"Si, lo sé muy bien",Cliente de Urbanización Terranova,Pésimos,00:41
2024-08-13 12:21:21,teléfono,1979,"Si, lo sé muy bien",Cliente de Urbanización Terranova,Pésimos,00:19
2024-08-16 21:51:04,teléfono,1963,"Si, lo sé muy bien",Cliente del Bicentenario,Muy buenos,00:32
2024-08-22 17:44:06,teléfono,2002,"Más o menos, pero no lo sé todo.","Cliente nueva Terminal de Transportes, Cliente del Bicentenario",Muy buenos,00:44
2024-08-22 18:51:18,teléfono,1992,"Más o menos, pero no lo sé todo.","Cliente nueva Terminal de Transportes, Cliente del Bicentenario",Buenos,00:33
2024-08-26 18:46:24,teléfono,1997,"Sé que existe, pero no sé qué hace","Cliente nueva Terminal de Transportes, Cliente de La Galeria",Malos,00:32
2024-08-28 12:55:58,teléfono,1993,"Más o menos, pero no lo sé todo.",Cliente nueva Terminal de Transportes,Muy buenos,00:31
2024-09-02 16:37:45,computer,2003,"Si, lo sé muy bien",Cliente Nuevo Centro Comercial Pabellón,Muy buenos,00:34
2024-10-04 08:08:34,teléfono,1988,"Más o menos, pero no lo sé todo.",Cliente de Urbanización Terranova,Pésimos,00:34
2024-10-04 08:09:35,teléfono,1988,"No, no conozco esta institución",Cliente de Urbanización Terranova,Pésimos,00:14