"Identificador de la publicación","Identificador de la página","Nombre de la página",Título,Descripción,"Duración (segundos)","Hora de publicación","Tipo de subtítulo","Enlace permanente","Es una publicación cruzada","Es una publicación compartida","Tipo de publicación",Idiomas,"Etiquetas personalizadas","Estado de contenido financiado","Comentario sobre los datos",Fecha,Impresiones,Alcance,"Reacciones, comentarios y veces que se compartió",Reacciones,Comentarios,"Veces que se compartió","Total de clics","Consumo de segmentación del público coincidente (Photo Click)","Clics de otro tipo","Clics en el enlace",REELS_PLAYS:COUNT,"Segundos reproducidos","Segundos en promedio reproducidos","Ingresos estimados (USD)","Impresiones del anuncio"
964122119088454,100064720237286,"Alcaldía de Tuluá","¡La integridad de los tulueños es nuestra prioridad! 🚖✨

Desde el Departamento Administrativo de Movilidad y Seguridad Vial, seguimos comprometidos en ofrecer un servicio de transporte de calidad y seguro para todos los tulueños. Únete a la campaña #TaxiSeguroTulua. Juntos, construimos un futuro más seguro. 💙🙌🏽 #YosoyTaxiSeguro #ParaSerFelices #Taxi","¡La integridad de los tulueños es nuestra prioridad! 🚖✨

Desde el Departamento Administrativo de Movilidad y Seguridad Vial, seguimos comprometidos en ofrecer un servicio de transporte de calidad y seguro para todos los tulueños. Únete a la campaña #TaxiSeguroTulua. Juntos, construimos un futuro más seguro. 💙🙌🏽 #YosoyTaxiSeguro #ParaSerFelices #Taxi",37,"09/30/2024 15:17",uploaded,https://www.facebook.com/reel/1987638101661926/,0,0,Reels,,,,,Total,1271,1187,53,39,2,12,0,,,,2228,14295.771,6.813,0,0
989298386570827,100064720237286,"Alcaldía de Tuluá","¡23 motos inmovilizadas y 33 comparendos durante caravanas ilegales!🚨🚔                                                                      Con más de 30 órdenes de comparando, 23 motos inmovilizadas y 5 menores aprehendidos, la Administración Municipal y la Fuerza Pública, realizó un exitoso operativo de control que garantizó la seguridad y tranquilidad de nuestras calles. Sin homicidios ni accidentes, nuestra comunidad disfrutó de la celebración con paz. Agradecemos a todos por su colaboración y recordamos que seguimos trabajando juntos para promover la convivencia y la felicidad en nuestro municipio. 🙌🏼#ParaSerFelices 💙","¡23 motos inmovilizadas y 33 comparendos durante caravanas ilegales!🚨🚔                                                                      Con más de 30 órdenes de comparando, 23 motos inmovilizadas y 5 menores aprehendidos, la Administración Municipal y la Fuerza Pública, realizó un exitoso operativo de control que garantizó la seguridad y tranquilidad de nuestras calles. Sin homicidios ni accidentes, nuestra comunidad disfrutó de la celebración con paz. Agradecemos a todos por su colaboración y recordamos que seguimos trabajando juntos para promover la convivencia y la felicidad en nuestro municipio. 🙌🏼#ParaSerFelices 💙",86,"11/01/2024 12:28",N/A,https://www.facebook.com/reel/1486112125439104/,0,0,Reels,,,,,Total,911,823,63,48,5,10,0,,,,1292,16029.753,13.735,0,0
1944282646080843,100064720237286,"Alcaldía de Tuluá","¡Encuentros con el Alcalde!","Bienvenidos a este espacio con nuestro alcalde @[100050197852350:2048:Gustavo Vélez], donde interactuaremos con nuestra comunidad tulueña. #ParaSerFelices 💙",3228,"11/01/2024 10:06",uploaded,https://www.facebook.com/AlcaldiaDeTulua/videos/1944282646080843/,0,0,"En vivo",,,,,Total,2931,2757,510,367,126,17,,,,,4954,303619.471,75.153,0,
989162096584456,100064720237286,"Alcaldía de Tuluá","🚧 ¡Alcaldía recuperó las vías del Callejón morales !🚧 

Con la Secretaría de Hábitat e Infraestructura, avanzamos en el Mejoramiento de la infraestructura vial con 2 kilómetros de fresado en el Callejón Morales. Esta importante obra busca conectar nuestro municipio y mejorar la movilidad, gracias al trabajo articulado con la empresa PISA. ¡Juntos construimos un mejor futuro! #ParaSerFelices 💙🙌🏼","🚧 ¡Alcaldía recuperó las vías del Callejón morales !🚧 

Con la Secretaría de Hábitat e Infraestructura, avanzamos en el Mejoramiento de la infraestructura vial con 2 kilómetros de fresado en el Callejón Morales. Esta importante obra busca conectar nuestro municipio y mejorar la movilidad, gracias al trabajo articulado con la empresa PISA. ¡Juntos construimos un mejor futuro! #ParaSerFelices 💙🙌🏼",61,"11/01/2024 08:23",uploaded,https://www.facebook.com/reel/1626529828298809/,1,0,Reels,,,,,Total,1034,942,57,49,1,7,0,,,,1354,16689.472,13.59,0,0
988643573302975,100064720237286,"Alcaldía de Tuluá","🎃 ¡Halloween mágico en Tuluá! 👻

Hoy los niños y niñas pasaron una tarde mágica en la celebración de Halloween de la Central de Transportes. Con un espacio lleno de sorpresas: regalos, rifas emocionantes y magia que nos hizo felices a todos. 🪄✨

Los niños disfrutaron, jugaron y se llevaron recuerdos inolvidables.

💖 ¡Gracias por un Halloween espectacular #ParaSerFelices!🎉",,0,"10/31/2024 17:22",N/A,https://www.facebook.com/AlcaldiaDeTulua/posts/pfbid027eYLRuu1TpELkRTSKogRu9oDKZu7hygXRt3fKsJ1WP3MC93qGdYhE5uyfc4UJWHXl,0,0,Fotos,,,,,Total,3848,3732,92,79,2,11,1301,1187,114,,,,,,
1095563902166491,100064720237286,"Alcaldía de Tuluá","Live Coordinación Mujer","Hoy desde la campaña: En mi Admiración Tuluá, Yo Puedo, nos acompaña: La Coordinadora del programa de Mujer Sandra González, desde la secretaria de Bienestar Social con el tema: Beneficios, requisitos e información sobre el programa de Mujer de la administración municipal",2303,"10/31/2024 13:07",uploaded,https://www.facebook.com/AlcaldiaDeTulua/videos/1095563902166491/,0,0,"En vivo",,,,,Total,831,789,95,82,12,1,,,,,2435,37697.413,18.671,0,
988479556652710,100064720237286,"Alcaldía de Tuluá","🎃✨ ¡Trabajamos articulado por un Halloween feliz!🎉 

La Administración Municipal y la Policía Nacional se unen para garantizar que todos disfruten de esta celebración con tranquilidad. Juntos, estamos comprometidos con la seguridad de nuestros tulueños.
 ¡Celebremos con alegría y responsabilidad! 👮‍♂️👻 #HalloweenSeguro #ParaSerFelices","🎃✨ ¡Trabajamos articulado por un Halloween feliz!🎉 

La Administración Municipal y la Policía Nacional se unen para garantizar que todos disfruten de esta celebración con tranquilidad. Juntos, estamos comprometidos con la seguridad de nuestros tulueños.
 ¡Celebremos con alegría y responsabilidad! 👮‍♂️👻 #HalloweenSeguro #ParaSerFelices",61,"10/31/2024 11:27",uploaded,https://www.facebook.com/reel/1537783067616366/,1,0,Reels,,,,,Total,1134,1041,63,48,14,1,0,,,,1302,16667.795,14.62,0,0
988361043331228,100064720237286,"Alcaldía de Tuluá","🎃👻 Halloween Seguro y Saludable 💪🏼

¡Este Halloween, te invitamos a disfrutar de una noche llena de diversión y seguridad! Aquí te dejamos algunos tips para garantizar un Halloween seguro para tus pequeños. ¡Disfrutemos de un Halloween en familia y seguros! 🎉👻💙 #ParaSerFelices #HalloweenSeguro",,0,"10/31/2024 08:22",N/A,https://www.facebook.com/AlcaldiaDeTulua/posts/pfbid0E6NKEsFihnPEpMEQr4wu2WS44kuFzYdP5sd1M5wZvaN5UkiXhLDVj2Dt2TUtRYiXl,0,0,Fotos,,,,,Total,849,828,10,10,0,0,50,39,11,,,,,,
1712612299580088,100064720237286,"Alcaldía de Tuluá","Live con Coordinadora Adulto Mayor","Hoy desde la campaña: En mi Admiración Tuluá, Yo Puedo, nos acompaña: La Coordinadora del programa Adulto Mayor Gimena Molina, desde la secretaria de Bienestar Social con el tema: Beneficios, requisitos e información sobre el programa de Adulto Mayor de la administración municipal",2294,"10/31/2024 08:07",uploaded,https://www.facebook.com/AlcaldiaDeTulua/videos/1712612299580088/,0,0,"En vivo",,,,,Total,892,881,44,37,5,2,,,,,2073,20414.108,11.359,0,
987852620048737,100064720237286,"Alcaldía de Tuluá","¡Mejoramos la conectividad en nuestra zona rural! 🚜✨

Hemos intervenido más de 18 kilómetros lineales con canalización, embalastramiento y cuneteo, gracias al trabajo de la Administración Municipal a través de la Secretaría de Hábitat e Infraestructura. 🛤️💪 Nuestro objetivo es asegurar que todas las comunidades tengan acceso a vías en óptimas condiciones. ¡Seguimos construyendo un Tuluá más conectado! 🌱 #ParaSerFelices 💙💪🏼","¡Mejoramos la conectividad en nuestra zona rural! 🚜✨

Hemos intervenido más de 18 kilómetros lineales con canalización, embalastramiento y cuneteo, gracias al trabajo de la Administración Municipal a través de la Secretaría de Hábitat e Infraestructura. 🛤️💪 Nuestro objetivo es asegurar que todas las comunidades tengan acceso a vías en óptimas condiciones. ¡Seguimos construyendo un Tuluá más conectado! 🌱 #ParaSerFelices 💙💪🏼",68,"10/30/2024 16:40",uploaded,https://www.facebook.com/reel/1097190118600876/,1,0,Reels,,,,,Total,1000,961,50,42,1,7,0,,,,1738,13553.095,8.699,0,0
987789106721755,100064720237286,"Alcaldía de Tuluá","🚨 ¡Caen integrantes de “La Inmaculada”! 📣

La Policía Nacional realizó la captura de Darlien “Peluco” Acevedo, implicado en los asesinatos del exconcejal Carlos Arturo Londoño y la funcionaria Clarivet Ocampo. ¡Continuamos trabajando por la justicia en nuestro municipio! 💥💪🏼 #ParaSerFelices #OperaciónTuluá","🚨 ¡Caen integrantes de “La Inmaculada”! 📣

La Policía Nacional realizó la captura de Darlien “Peluco” Acevedo, implicado en los asesinatos del exconcejal Carlos Arturo Londoño y la funcionaria Clarivet Ocampo. ¡Continuamos trabajando por la justicia en nuestro municipio! 💥💪🏼 #ParaSerFelices #OperaciónTuluá",67,"10/30/2024 14:03",uploaded,https://www.facebook.com/reel/501218749602981/,1,0,Reels,,,,,Total,1580,1524,130,107,5,18,0,,,,3766,57430.407,17.133,0,0
1491161731599174,100064720237286,"Alcaldía de Tuluá","Hasta el último día del año","Hoy desde la campaña: Hasta el último día del año, nos acompaña: El secretario de Hacienda Oscar Calambas, con el tema: Descuentos del papayazo tributario",1781,"10/30/2024 13:02",uploaded,https://www.facebook.com/AlcaldiaDeTulua/videos/1491161731599174/,0,0,"En vivo",,,,,Total,855,844,82,69,9,4,,,,,2342,39378.175,21.356,0,
1205766237352219,100064720237286,"Alcaldía de Tuluá","Programa de Diversidad Sexual","Hoy desde la campaña: Yo Puedo, nos acompaña: El  Coordinador del programa de Diversidad Sexual  John Padilla, desde la secretaria de Bienestar Social con el tema: Beneficios, requisitos e información sobre el programa de Diversidad Sexual de la administración municipal",3183,"10/30/2024 08:21",uploaded,https://www.facebook.com/AlcaldiaDeTulua/videos/1205766237352219/,0,0,"En vivo",,,,,Total,1030,993,71,64,4,3,,,,,2145,29618.251,17.29,0,
987079770126022,100064720237286,"Alcaldía de Tuluá","¡Jornadas de salud para toda nuestra población!🏥🩺

Hoy estuvimos en la Plaza Cívica Boyacá, brindando un servicio más cercano a las poblaciones más vulnerables. Con la Secretaría de Salud, Entidades Promotoras, Equipos Básicos en Salud y Plan de Intervenciones Colectivas del @hospitalrubencruzvelez, se brindó atención médica, salud mental y pruebas rápidas de VIH.💪🏼 Además, el Departamento de Planeación asistió con atención  SISBÉN, garantizando el acceso a programas de asistencia social. Estas acciones reafirman nuestro compromiso con un Tuluá más saludable y equitativo #ParaSerFelices ✅💙",,0,"10/29/2024 15:36",N/A,https://www.facebook.com/AlcaldiaDeTulua/posts/pfbid07MHcrMBt3tkiDdk43y1MWy8G6ExDzs9LyzVmSNhvRtsrxce4U3Q3KWV5oWcmJJ5Fl,0,0,Fotos,,,,,Total,2465,2385,38,28,3,7,225,207,18,,,,,,
986902580143741,100064720237286,"Alcaldía de Tuluá","¡Muy pronto regresará el Palacio de Justicia!✌🏽✅

Este año, hemos trabajado sin descanso para recuperar este espacio vital para nuestra comunidad. Muy pronto, el Palacio de Justicia, que había sido destruido en 2021, volverá a brillar. ✨

Con esta entrega, damos un paso más hacia un Tuluá #ParaSerFelices 💙💪🏼","¡Muy pronto regresará el Palacio de Justicia!✌🏽✅

Este año, hemos trabajado sin descanso para recuperar este espacio vital para nuestra comunidad. Muy pronto, el Palacio de Justicia, que había sido destruido en 2021, volverá a brillar. ✨

Con esta entrega, damos un paso más hacia un Tuluá #ParaSerFelices 💙💪🏼",43,"10/29/2024 09:46",uploaded,https://www.facebook.com/reel/941620724556440/,1,0,Reels,,,,,Total,1106,1088,113,83,7,23,0,,,,1938,15482.862,8.893,0,0
849899427295265,100064720237286,"Alcaldía de Tuluá","Programa Colombia Mayor","Hoy desde la campaña: Yo Puedo, nos acompaña: La Coordinadora del programa de Colombia Mayor Yeny Salguero, desde la secretaria de Bienestar Social con el tema: Beneficios, requisitos e información sobre el programa de Colombia Mayor de la administración municipal",2058,"10/29/2024 08:01",uploaded,https://www.facebook.com/AlcaldiaDeTulua/videos/849899427295265/,0,0,"En vivo",,,,,Total,871,854,74,61,9,4,,,,,1834,27867.17,17.863,0,
985692520264747,100064720237286,"Alcaldía de Tuluá","¡Tuluá vuelve a soñar, a sonreír!✨💙🪄

El Mundo de la Fantasía iluminó el rostro de 8000 tulueños que soñaron y participaron de este gran espacio para la familia. Cada niño y cada padre recordará este gran día que hemos vivido lleno de magia y diversión  #ParaSerFelices 🪄💙✨ ¡GRACIAS POR SER PARTE DE NUESTRA ALEGRÍA!🙌🏼🤩","¡Tuluá vuelve a soñar, a sonreír!✨💙🪄

El Mundo de la Fantasía iluminó el rostro de 8000 tulueños que soñaron y participaron de este gran espacio para la familia. Cada niño y cada padre recordará este gran día que hemos vivido lleno de magia y diversión  #ParaSerFelices 🪄💙✨ ¡GRACIAS POR SER PARTE DE NUESTRA ALEGRÍA!🙌🏼🤩",68,"10/27/2024 19:00",uploaded,https://www.facebook.com/reel/521965300728952/,1,0,Reels,,,,,Total,1307,1232,122,103,4,15,0,,,,3008,25874.637,10.138,0,0
985341453633187,100064720237286,"Alcaldía de Tuluá","Conoce las noticias más importantes de esta semana en nuestro resumen “45 segundos #ParaSerFelices”💙✅","Conoce las noticias más importantes de esta semana en nuestro resumen “45 segundos #ParaSerFelices”💙✅",78,"10/27/2024 08:00",N/A,https://www.facebook.com/reel/1055474442939255/,1,0,Reels,,,,,Total,1112,1005,86,74,1,11,0,,,,1469,11395.115,8.606,0,0
984933583673974,100064720237286,"Alcaldía de Tuluá","MUNDO DE LA FANTASÍA 👻 vivimos hoy con todos los niños del CORAZÓN DEL VALLE 😍💙","MUNDO DE LA FANTASÍA 👻 vivimos hoy con todos los niños del CORAZÓN DEL VALLE 😍💙",69,"10/26/2024 19:45",uploaded,https://www.facebook.com/reel/567232139175256/,0,0,Reels,,,,,Total,4698,4607,584,459,63,62,0,,,,9915,128207.068,14.194,0,0
984860417014624,100064720237286,"Alcaldía de Tuluá","¡Gracias, Tuluá! 🙏🏼✨💙

Más de 5,000 niños y niñas disfrutaron del “Mundo de la Fantasía” este Halloween, y todo fue posible gracias a su participación. Agradecemos a cada tulueño que se unió a esta celebración mágica. Juntos, estamos construyendo un Tuluá mejor, donde nuestro lema “#Para SerFelices” cobra vida. ¡Sigamos trabajando juntos por nuestra comunidad! 💪✨🪄",,0,"10/26/2024 17:14",N/A,https://www.facebook.com/AlcaldiaDeTulua/posts/pfbid0FFCqWu9nsCFQceV9yYjBJvsC1MMceF9tC18WreoJYpbLraw6mBY9pu4eU87Wzdzzl,0,0,Fotos,,,,,Total,6771,6284,185,151,18,16,2600,2307,293,,,,,,
984804937020172,100064720237286,"Alcaldía de Tuluá","¡Tuluá continúa llenándose de Magia en el “Mundo de la Fantasía”! 🎃✨

Seguimos ofreciendo a los niños y niñas espacios llenos de magia y diversión. Este evento está repleto de sorpresas y actividades emocionantes para toda la familia. ¡Únete a nosotros y celebra un Halloween inolvidable!🪄🙌🏼💙",,0,"10/26/2024 14:59",N/A,https://www.facebook.com/AlcaldiaDeTulua/posts/pfbid02vQzYaotXDYrCxencQjpVW3P9gYgbF8BRiLig87JjUbYB1UgrV34N15Rx9wRVKPngl,0,0,Fotos,,,,,Total,5354,5275,148,123,7,18,1902,1641,261,,,,,,
984750313692301,100064720237286,"Alcaldía de Tuluá","En el Mundo de la Fantasía, los niños y niñas son nuestra prioridad, por eso, hoy firmamos el Pacto por la Niñez✨🪄💙 #ParaSerFelices 🪄🤩",,0,"10/26/2024 13:00",N/A,https://www.facebook.com/AlcaldiaDeTulua/posts/pfbid0AKjGs8Gv78eVBrPg1KK4ZHadNhmhg39bM1Pj4m8auXWhBXvjyUMRtDu9HRK6ktZel,0,0,Fotos,,,,,Total,2760,2681,81,63,6,12,182,153,29,,,,,,
984736253693707,100064720237286,"Alcaldía de Tuluá","¡Continuamos siendo felices en el Mundo de la Fantasía! 🎉✨

Las familias tulueños están disfrutando de este espacio mágico de forma gratuita. Aquí, cada sonrisa se convierte en un recuerdo inolvidable y cada momento es una celebración de alegría. ¡No se lo pierdan! ✨💙 #ParaSerFelices 🙌🏼",,0,"10/26/2024 12:30",N/A,https://www.facebook.com/AlcaldiaDeTulua/posts/pfbid02CdBbBZfM9HKF8zMAqUf28cDhmFXzdNGvooXMRcq3tFE4PJefDSkdw7wYEq3bAsjEl,0,0,Fotos,,,,,Total,33869,32149,281,238,15,28,9504,8191,1313,,,,,,
984659463701386,100064720237286,"Alcaldía de Tuluá","Este día continúa siendo maravilloso 🤩",,0,"10/26/2024 09:55",N/A,https://www.facebook.com/AlcaldiaDeTulua/posts/pfbid032wJ9BcejFLCMLsuV6aeR58KmywoGK6PFw3SWUgDg7X3BukH28LH5L6z7S1hQHvQpl,0,0,Fotos,,,,,Total,15500,14590,526,421,64,41,3916,3055,861,,,,,,
984658830368116,100064720237286,"Alcaldía de Tuluá","¡Seguimos aquí en el Coliseo de Ferias viviendo el Mundo de la Fantasía! 🎉✨ 

Los invitamos a que vengan a disfrutar de nuestros maravillosos stands llenos de magia y diversión. ¡No se lo pierdan, todos los niños y niñas son bienvenidos! ✨🪄💙 #ParaSerFelices #MundoDeLaFantasía","¡Seguimos aquí en el Coliseo de Ferias viviendo el Mundo de la Fantasía! 🎉✨ 

Los invitamos a que vengan a disfrutar de nuestros maravillosos stands llenos de magia y diversión. ¡No se lo pierdan, todos los niños y niñas son bienvenidos! ✨🪄💙 #ParaSerFelices #MundoDeLaFantasía",40,"10/26/2024 09:54",uploaded,https://www.facebook.com/reel/900912975319533/,1,0,Reels,,,,,Total,1419,1386,98,77,8,13,0,,,,2430,21097.062,10.464,0,0
984612810372718,100064720237286,"Alcaldía de Tuluá","¡Bienvenidos al Mundo de la Fantasía! 🎃✨ 

Estamos listos para vivir un espacio mágico y feliz para todos los niños y niñas. Tendremos mucha diversión y sorpresas. Ven ahora y vive una experiencia inolvidable. ¡Los esperamos! 🪄✨💙#ParaSerFelices",,0,"10/26/2024 08:32",N/A,https://www.facebook.com/AlcaldiaDeTulua/posts/pfbid0A3ZpD8aGhzjNUeBeL5dN6LXaoCGducBzKNCJDJSFPGSd9N1VQ11HCo19HMQSKV7yl,0,0,Fotos,,,,,Total,5139,5139,161,123,14,24,1669,1424,245,,,,,,
984092487091417,100064720237286,"Alcaldía de Tuluá","Hoy, el alcalde @gustavovelezr, participó de la Feria de Agroturismo de la @camaratulua, un evento fundamental que une a empresarios, agricultores e inversionistas tulueños.🌱✨ Este espacio promueve la innovación y la sostenibilidad, fortaleciendo la economía local. 

¡Te invitamos a que visites y hagas parte del progreso de Tuluá!  💪🏼#ParaSerFelices",,0,"10/25/2024 16:47",N/A,https://www.facebook.com/AlcaldiaDeTulua/posts/pfbid0df2Kf41QKUepdJQuFwrFEULo2dwHJb2EJoAaMyDLPxnymCedc1jyk2ZtRNgmcySAl,0,0,Fotos,,,,,Total,8566,8200,171,124,4,43,2070,1838,228,4,,,,,
984049500429049,100064720237286,"Alcaldía de Tuluá","¡Mañana es el gran día! 🎉✨

La Administración Municipal, invita a todos los niños a sumergirse en una aventura mágica, mañana en el Coliseo de Ferias Manuel Victoria Rojas. 🌟 ¡Desde las 10 de la mañana podrás explorar el Mundo de la Fantasía! Con inflables, dulces y estaciones llenas de actividades asombrosas y mucho más. 🎃🪄

¡Ven a recorrer caminos encantados y vivir una experiencia única! ¡No se lo pueden perder! 🎈🙌🏼💙👻✨ #ParaSerFelices","¡Mañana es el gran día! 🎉✨

La Administración Municipal, invita a todos los niños a sumergirse en una aventura mágica, mañana en el Coliseo de Ferias Manuel Victoria Rojas. 🌟 ¡Desde las 10 de la mañana podrás explorar el Mundo de la Fantasía! Con inflables, dulces y estaciones llenas de actividades asombrosas y mucho más. 🎃🪄

¡Ven a recorrer caminos encantados y vivir una experiencia única! ¡No se lo pueden perder! 🎈🙌🏼💙👻✨ #ParaSerFelices",45,"10/25/2024 15:11",N/A,https://www.facebook.com/reel/1062837988549266/,1,0,Reels,,,,,Total,1236,1220,77,54,7,16,0,,,,2026,11987.06,6.794,0,0
2343645415984978,100064720237286,"Alcaldía de Tuluá","¡Amigos con el Alcalde 👧🏻🎈🪅💙🗣️","¡Amigos con el Alcalde 👧🏻🎈🪅💙🗣️

Bienvenidos a este espacio creado para la comunidad. Hoy estaremos con tres pequeños grandes amigos hablando de diferentes temas e interactuando con nuestra comunidad tulueña.

¡Vamos a construir una Tuluá #ParaSerFelices! 💙",2757,"10/25/2024 10:23",uploaded,https://www.facebook.com/AlcaldiaDeTulua/videos/2343645415984978/,0,0,"En vivo",,,,,Total,3118,2963,448,335,66,47,,,,,5090,151345.426,35.074,0,
983673357133330,100064720237286,"Alcaldía de Tuluá","¡32 hombres y mujeres serán guardianes de espacio público!🦺✅

Con el objetivo de fortalecer el diálogo y la sana convivencia en nuestro municipio, este grupo que desde enero ha trabajado por el diálogo y la seguridad ahora, estarán identificados con nuevos uniformes para facilitar su reconocimiento. 

¡Construyamos juntos un mejor municipio! #ParaSerFelices🙌🏼💙","¡32 hombres y mujeres serán guardianes de espacio público!🦺✅

Con el objetivo de fortalecer el diálogo y la sana convivencia en nuestro municipio, este grupo que desde enero ha trabajado por el diálogo y la seguridad ahora, estarán identificados con nuevos uniformes para facilitar su reconocimiento. 

¡Construyamos juntos un mejor municipio! #ParaSerFelices🙌🏼💙",99,"10/25/2024 04:26",uploaded,https://www.facebook.com/reel/1312462619744795/,1,0,Reels,,,,,Total,1585,1499,114,88,16,10,0,,,,2969,49865.347,18.802,0,0
983287373838595,100064720237286,"Alcaldía de Tuluá","¡Compromiso con la Educación! 🎓✨

Hoy, el alcalde @gustavovelezr, participó en la audiencia pública “Plan Maestro” en la @universidaddelvallesedetulua. Junto a los Ministros de Educación, Daniel Rojas, y de Hacienda y Crédito Público, Ricardo Bonilla, escuchó a la comunidad estudiantil. La Administración reafirma su compromiso con el progreso educativo. 

¡Juntos avanzamos hacia un futuro mejor! #ParaSerFelices 🙌🏼💙",,0,"10/24/2024 17:38",N/A,https://www.facebook.com/AlcaldiaDeTulua/posts/pfbid02NKBK6VXaXr7p4DBdWcnm9W8CRuDu9Ri4wyrEABRcULQTg2dHQgcpgytyLgScY9UGl,0,0,Fotos,,,,,Total,5294,5290,131,78,18,35,796,669,125,2,,,,,
983238810510118,100064720237286,"Alcaldía de Tuluá","🎉 ¡Este sábado, los niños de Tuluá están invitados a explorar el Mundo de la Fantasía en una Aventura “ParaSerFelices”! 🌈✨

🌟 Sigue estos tips para tener un día lleno de magia, diversión y aprendizaje para disfrutar al máximo. ¡No se lo pueden perder!💙",,0,"10/24/2024 16:03",N/A,https://www.facebook.com/AlcaldiaDeTulua/posts/pfbid0rGd34iydTzEGqce4gKcCuko1nBVWACh2p6bxKhh6yXWZXDm4NwtGJjoxTyhXZLCwl,0,0,Fotos,,,,,Total,5419,5404,85,54,0,31,168,130,38,,,,,,
983134287187237,100064720237286,"Alcaldía de Tuluá","🌟 ¡Trabajando por la sana convivencia en Tuluá! 🌟

La Administración Municipal realizó hoy la presentación del nuevo equipo de Gestores de Convivencia, un grupo comprometido con el diálogo y la colaboración en nuestra comunidad que ha trabajado desde el inicio de año pero ahora estarán identificados con un nuevo uniforme. Junto a la Policía Nacional y Agentes de Tránsito, trabajarán para promover el orden y la tranquilidad en el espacio público.

👮‍♂️💬 ¡Unámonos para construir un Tuluá mejor #ParaSerFelices!💚✨",,0,"10/24/2024 12:17",N/A,https://www.facebook.com/AlcaldiaDeTulua/posts/pfbid0sCTnne4X9nQHFtbUkXYSXTV4KYu1YLNjdLD6djEuDkphiFXBWqvrWAVb9gpNs2nhl,0,0,Fotos,,,,,Total,13892,13417,164,113,11,40,4030,3410,618,2,,,,,
982318677268798,100064720237286,"Alcaldía de Tuluá","🎃 ¡Explora el Mundo de la Fantasía, una Aventura “ParaSerFelices! 🌟

¡Este Halloween, los más pequeños de la casa están invitados a una aventura mágica! Conoce las estaciones que tendremos para ti, donde los niños podrán descubrir actividades asombrosas, recorrer caminos encantados y vivir una experiencia única llena de sorpresas.

🦄 Nos vemos este sábado, 26 de octubre de 2024
🕒 10:00 a. m.
📍 Coliseo de Ferias Manuel Victoria Rojas

¡Ven disfrazado con un adulto responsable y prepárate para un día de diversión y fantasía!✨🪄 No te pierdas la oportunidad de hacer recuerdos inolvidables. ¡Te esperamos! 💙

Apoyan: 
@celsia_energia @infitulua @emtulua @supergiroscentrodelvalle @veolia_co @hospitalrubencruzvelez @constructoralacima @central_de_transportes_tulua_ @mundoalitascolombia @losolivostulua @mvc30 @electroingenieria @distribuidora_jm.t @comfenalcovalle @centroaguas.sa.esp @fundacion_colombina @funeraria_sanmartin #PanelaElTrébol @supercentrotulua @cclaherradura @nestlecolombia",,0,"10/23/2024 11:14",N/A,https://www.facebook.com/AlcaldiaDeTulua/posts/pfbid0nHruCVDqpgZjjp1D72byrhNaAdCmXtmhLHtMfBSCb8XDTKiktCXQnzV7tLckopXvl,0,0,Fotos,,,,,Total,12783,11616,268,164,18,86,1449,1117,332,,,,,,
1495346927829827,100064720237286,"Alcaldía de Tuluá","¿Cómo impulsamos el crecimiento y bienestar de nuestros jóvenes?","#ParaSerFelicesHoy desde la campaña: Yo Puedo, nos acompaña: La Coordinadora del programa de Juventudes Monica Caicedo, desde la secretaria de Bienestar Social con el tema: Beneficios, requisitos e información sobre el programa de Juventudes de la administración municipal",2047,"10/23/2024 08:20",uploaded,https://www.facebook.com/AlcaldiaDeTulua/videos/1495346927829827/,0,0,"En vivo",,,,,Total,975,918,47,44,1,2,,,,,2416,18624.315,9.875,0,
981670324000300,100064720237286,"Alcaldía de Tuluá","¡FORTALECIENDO LA INFRAESTRUCTURA VIAL! 🚧👷🏻

Buscando el beneficio de más de 1300 estudiantes, en tan solo una semana, hemos avanzado significativamente en la pavimentación de la Calle 7ma, entre las carreras 18 y 19. 🚧💪 Esta obra tan esperada transforma nuestro barrio, y hoy es una realidad para mejorar la calidad de vida de todos los tulueños. 
¡La transformación está en marcha y tú eres parte de ella! 💪🌟 #ParaSerFelices 💙","¡FORTALECIENDO LA INFRAESTRUCTURA VIAL! 🚧👷🏻

Buscando el beneficio de más de 1300 estudiantes, en tan solo una semana, hemos avanzado significativamente en la pavimentación de la Calle 7ma, entre las carreras 18 y 19. 🚧💪 Esta obra tan esperada transforma nuestro barrio, y hoy es una realidad para mejorar la calidad de vida de todos los tulueños. 
¡La transformación está en marcha y tú eres parte de ella! 💪🌟 #ParaSerFelices 💙",75,"10/22/2024 15:23",uploaded,https://www.facebook.com/reel/1334857467889665/,1,0,Reels,,,,,Total,1113,1064,71,54,4,13,0,,,,1678,13641.713,8.809,0,0
981506050683394,100064720237286,"Alcaldía de Tuluá","¡Feria de empleabilidad!✅🙌

Desde la Secretaría de Bienestar Social te invitamos a la Feria de Empleabilidad donde tendremos asesoría de los Programas Nacionales. Nos vemos este jueves, 24 de octubre, en el Centro Inspira Campiña. #ParaSerFelices  💙💪🏻",,0,"10/22/2024 09:41",N/A,https://www.facebook.com/AlcaldiaDeTulua/posts/pfbid02rodtK4RTh1DkwtNV2G8uSiRszPjQHSnufPQVXwBBzQjJdHdHDKByeBYeQfhkMe4sl,0,0,Fotos,,,,,Total,1486,1412,32,24,0,8,18,6,12,,,,,,
980903777410288,100064720237286,"Alcaldía de Tuluá","¡En Tuluá seguimos trabajando por una mejor atención en salud!🚑 🩺

Con la visita del @minsaludcol de Salud @guillermo_alfonso_jaramillo, al @hospitalrubencruzvelez, se anunciaron mejoras en siete puestos de salud, con esto, permitiremos más accesibilidad y calidad para nuestras comunidades urbanas y rurales. 🏥 💪 #ParaSerFelices",,0,"10/21/2024 13:36",N/A,https://www.facebook.com/AlcaldiaDeTulua/posts/pfbid0mEV64b4W5RrD3a7qxKBcNsL4StgT4cZ6qjZFSTpZzRrarpK6fSD8QcbjyMm6x3ZWl,0,0,Fotos,,,,,Total,4395,4227,59,46,3,10,1045,927,116,2,,,,,
1307836737240114,100064720237286,"Alcaldía de Tuluá","Bienestar Social - Renta Ciudadana","Hoy desde la campaña: Yo Puedo, nos acompaña: La Coordinadora del programa de Renta Ciudadana Daniela Montes desde la secretaria de Bienestar Social con el tema: Beneficios, requisitos e información sobre el programa de Renta Ciudadana de la administración municipal",2092,"10/21/2024 12:12",uploaded,https://www.facebook.com/AlcaldiaDeTulua/videos/1307836737240114/,0,0,"En vivo",,,,,Total,1505,1390,131,78,49,4,,,,,2409,60946.394,30.328,0,
2467837670214448,100064720237286,"Alcaldía de Tuluá","Bienestar Social Programa de Etnias","Hoy desde la campaña: Yo Puedo, nos acompaña: La Coordinadora del programa de Etnias Afro Yolima Caicedo, desde la secretaria de Bienestar Social con el tema: Beneficios, requisitos e información sobre el programa de Etnias Afro de la administración municipal",2124,"10/21/2024 09:14",uploaded,https://www.facebook.com/AlcaldiaDeTulua/videos/2467837670214448/,0,0,"En vivo",,,,,Total,1121,1054,136,82,49,5,,,,,2012,36891.272,22.344,0,
980009824166350,100064720237286,"Alcaldía de Tuluá","🎃 ¡Tenemos un cita muy especial con todos los niños y niñas de Tuluá! Es momento de sumergirnos en El Mundo de la Fantasía!🪄🦄

👻 Viviremos un día mágico, lleno de diversión y sorpresas pensado especialmente para ti.

📅 26 de octubre de 2924
📍 Coliseo de Ferias Manuel Victoria Rojas 

¡No te lo pierdas! 🌟 Una aventura #ParaSerFelices 💙✨","🎃 ¡Tenemos un cita muy especial con todos los niños y niñas de Tuluá! Es momento de sumergirnos en El Mundo de la Fantasía!🪄🦄

👻 Viviremos un día mágico, lleno de diversión y sorpresas pensado especialmente para ti.

📅 26 de octubre de 2924
📍 Coliseo de Ferias Manuel Victoria Rojas 

¡No te lo pierdas! 🌟 Una aventura #ParaSerFelices 💙✨",46,"10/20/2024 09:52",uploaded,https://www.facebook.com/reel/1325716775257156/,1,0,Reels,,,,,Total,2913,2663,276,194,15,67,0,,,,7047,53993.234,8.471,0,0
979218577578808,100064720237286,"Alcaldía de Tuluá","Aquí podrás revivir las noticias más importantes de este semana con nuestro resumen “45 segundos #ParaSerFelices” 💙✅✌🏽","Aquí podrás revivir las noticias más importantes de este semana con nuestro resumen “45 segundos #ParaSerFelices” 💙✅✌🏽",78,"10/19/2024 10:12",uploaded,https://www.facebook.com/reel/534612272763947/,1,0,Reels,,,,,Total,1002,914,89,67,11,11,0,,,,1587,10002.308,6.767,0,0
978639530970046,100064720237286,"Alcaldía de Tuluá","¡Conmemoración del Día Mundial de la Lucha contra el Cáncer de mama!💕💪🏼

Con una jornada pedagógica, las secretarias de Salud y de Bienestar Social, se unieron para realizar una jornada de sensibilización e información para la prevención del cancer de mama en las mujeres tulueñas.✅✌🏾 #ParaSerFelices 💙","¡Conmemoración del Día Mundial de la Lucha contra el Cáncer de mama!💕💪🏼

Con una jornada pedagógica, las secretarias de Salud y de Bienestar Social, se unieron para realizar una jornada de sensibilización e información para la prevención del cancer de mama en las mujeres tulueñas.✅✌🏾 #ParaSerFelices 💙",32,"10/18/2024 16:16",N/A,https://www.facebook.com/reel/441438772388596/,1,0,Reels,,,,,Total,852,762,29,23,0,6,0,,,,1151,3673.259,3.396,0,0
572624255187601,100064720237286,"Alcaldía de Tuluá","Encuentros con el Alcalde: Hablemos de Biodiversidad y Bienestar","Bienvenidos a este espacio para la comunidad. Hoy estaremos con la Secretaria de Bienestar Social y la Secretaria de Desarrollo Agropecuario y Medio Ambiente, SEDAMA.",2820,"10/18/2024 10:08",uploaded,https://www.facebook.com/AlcaldiaDeTulua/videos/572624255187601/,0,0,"En vivo",,,,,Total,2663,2566,373,287,68,18,,,,,3309,129481.894,45.206,0,
977675794399753,100064720237286,"Alcaldía de Tuluá","¡Hemos iniciado la reactivación del vivero municipal!🌱💪🏼🪄

Desde la Secretaría de Desarrollo Agropecuario y Medio Ambiente, SEDAMA, estamos impulsando la producción de material ornamental, forestal y de jardinería, con el objetivo de llenar de vida y zonas verdes cada rincón de nuestro municipio. 🌿🌸

Este esfuerzo contribuye a revitalizar nuestros espacios urbanos, creando un entorno más saludable y armonioso para todos. #ParaSerFelices #SEDAMA 💙","¡Hemos iniciado la reactivación del vivero municipal!🌱💪🏼🪄

Desde la Secretaría de Desarrollo Agropecuario y Medio Ambiente, SEDAMA, estamos impulsando la producción de material ornamental, forestal y de jardinería, con el objetivo de llenar de vida y zonas verdes cada rincón de nuestro municipio. 🌿🌸

Este esfuerzo contribuye a revitalizar nuestros espacios urbanos, creando un entorno más saludable y armonioso para todos. #ParaSerFelices #SEDAMA 💙",66,"10/17/2024 09:59",uploaded,https://www.facebook.com/reel/3379459665692107/,0,0,Reels,,,,,Total,928,816,44,26,9,9,0,,,,1224,6323.962,5.586,0,0
977105047790161,100064720237286,"Alcaldía de Tuluá","¡Seguimos fortaleciendo las estrategias para la seguridad de los tulueños! ✅

Con el apoyo de nuestra Fuerza Pública, realizamos “las Caravanas por la Vida”, una iniciativa que refuerza el control y garantiza la seguridad de nuestra comunidad. #ParaSerFelices","¡Seguimos fortaleciendo las estrategias para la seguridad de los tulueños! ✅

Con el apoyo de nuestra Fuerza Pública, realizamos “las Caravanas por la Vida”, una iniciativa que refuerza el control y garantiza la seguridad de nuestra comunidad. #ParaSerFelices",60,"10/16/2024 17:15",N/A,https://www.facebook.com/reel/559420226501390/,1,0,Reels,,,,,Total,1146,1046,103,58,13,32,0,,,,2122,15536.044,7.8,0,0
563337373013068,100064720237286,"Alcaldía de Tuluá","Programa de Renta Jovén","Hoy desde la campaña: En mi Admiración Tuluá, Yo Puedo, nos acompaña: La Coordinadora del programa de Renta Joven Claudia Victoria, desde la secretaria de Bienestar Social con el tema: Beneficios, requisitos e información sobre el programa de Renta Joven de la administración municipal",1285,"10/16/2024 07:59",uploaded,https://www.facebook.com/AlcaldiaDeTulua/videos/563337373013068/,0,0,"En vivo",,,,,Total,1826,1664,67,57,1,9,,,,,3039,38916.44,14.68,0,
976288114538521,100064720237286,"Alcaldía de Tuluá","¡Es hora de sumergirse en la magia! ✨🎃🪄

La gestora social, Luz Elena Londoño, hace una invitación muy especial, este 26 de octubre, para disfrutar de un día lleno de alegría y sorpresas en el Coliseo de Ferias Manuel Victoria Rojas. 

Con inflables, dulces, disfraces, rifas y mucho más para que grandes y pequeños vivan una experiencia #ParaSerFelices ¡Te esperamos para celebrar juntos! 🙌🏼💙👻✨","¡Es hora de sumergirse en la magia! ✨🎃🪄

La gestora social, Luz Elena Londoño, hace una invitación muy especial, este 26 de octubre, para disfrutar de un día lleno de alegría y sorpresas en el Coliseo de Ferias Manuel Victoria Rojas. 

Con inflables, dulces, disfraces, rifas y mucho más para que grandes y pequeños vivan una experiencia #ParaSerFelices ¡Te esperamos para celebrar juntos! 🙌🏼💙👻✨",47,"10/15/2024 15:34",uploaded,https://www.facebook.com/reel/1220334749208196/,1,0,Reels,,,,,Total,3427,3206,367,233,42,92,0,,,,8034,66834.299,9.139,0,0
976142347886431,100064720237286,"Alcaldía de Tuluá","¡Jornada pedagógica sobre el uso responsable del espacio público! 🚶‍♂️🚗

Desde la Secretaría de Gobierno, Convivencia y Seguridad, en colaboración con el Departamento Administrativo de Movilidad y Seguridad Vial y la Policía Nacional, buscamos generar conciencia sobre cómo el cuidado de nuestros espacios comunes contribuye a una Tuluá más limpia, segura y ordenada. 💚✨

Seguimos fortaleciendo la convivencia y la cultura ciudadana en Tuluá. ¡Juntos estamos construyendo un mejor lugar #ParaSerFelices! 💪💙","¡Jornada pedagógica sobre el uso responsable del espacio público! 🚶‍♂️🚗

Desde la Secretaría de Gobierno, Convivencia y Seguridad, en colaboración con el Departamento Administrativo de Movilidad y Seguridad Vial y la Policía Nacional, buscamos generar conciencia sobre cómo el cuidado de nuestros espacios comunes contribuye a una Tuluá más limpia, segura y ordenada. 💚✨

Seguimos fortaleciendo la convivencia y la cultura ciudadana en Tuluá. ¡Juntos estamos construyendo un mejor lugar #ParaSerFelices! 💪💙",22,"10/15/2024 10:35",N/A,https://www.facebook.com/reel/3858072517852257/,0,0,Reels,,,,,Total,841,763,25,24,0,1,0,,,,904,5446.11,6.955,0,0
973698921464107,100064720237286,"Alcaldía de Tuluá","Conoce cuáles fueron las tres noticias más importantes de esta semana, en nuestro resumen “45 segundos #ParaSerFelices”✅🕢 #Noticias #Tuluá

#Tuluá #Noticias #AlcaldíadeTuluá 💙💪🏼","Conoce cuáles fueron las tres noticias más importantes de esta semana, en nuestro resumen “45 segundos #ParaSerFelices”✅🕢 #Noticias #Tuluá

#Tuluá #Noticias #AlcaldíadeTuluá 💙💪🏼",68,"10/12/2024 13:06",uploaded,https://www.facebook.com/reel/1613784462684437/,1,0,Reels,,,,,Total,1675,1528,84,65,6,13,0,,,,2853,20617.492,7.71,0,0
972744518226214,100064720237286,"Alcaldía de Tuluá","¡Conmemoración Día del Veterano!💙💪🏼🪖

Participamos del homenaje realizado por la Escuela de Policía Simón Bolívar, a nuestros veteranos de guerra, quienes han servido con honor y valentía a nuestra patria, 
Hoy más que nunca, los recordamos y agradecemos por su dedicación y sacrificio. ¡Su valentía es el legado que nos inspira a seguir adelante! ✅

#DíaDelVeterano #ParaSerFelices",,0,"10/11/2024 11:40",N/A,https://www.facebook.com/AlcaldiaDeTulua/posts/pfbid0pfuK4fCyHFvXzyNUYjyg58BFqFSTV8kjvqiF5ee1uTUG5USKZZ421EZikvJH2ppWl,0,0,Fotos,,,,,Total,5425,5014,58,42,7,9,622,566,56,,,,,,
563589216053743,100064720237286,"Alcaldía de Tuluá","Encuentros con el Alcalde","Bienvenidos a este espacio",2284,"10/11/2024 10:33",uploaded,https://www.facebook.com/AlcaldiaDeTulua/videos/563589216053743/,0,0,"En vivo",,,,,Total,2873,2630,438,339,84,15,,,,,3904,134949.08,40.725,0,
971921758308490,100064720237286,"Alcaldía de Tuluá","¡Buenas noticias para más de 5,000 tulueños! 🙌🏼💙
Nuestro alcalde, Gustavo Vélez, envió mensajes y realizó llamadas directas 📲, informando a más de 5,000 personas sobre su beneficio de Renta Ciudadana y la Devolución del IVA.

Un paso más hacia el bienestar de nuestra comunidad. 💪🏼 #ParaSerFelices 💙","¡Buenas noticias para más de 5,000 tulueños! 🙌🏼💙
Nuestro alcalde, Gustavo Vélez, envió mensajes y realizó llamadas directas 📲, informando a más de 5,000 personas sobre su beneficio de Renta Ciudadana y la Devolución del IVA.

Un paso más hacia el bienestar de nuestra comunidad. 💪🏼 #ParaSerFelices 💙",78,"10/10/2024 11:57",uploaded,https://www.facebook.com/reel/1773364300150344/,1,0,Reels,,,,,Total,2250,2132,158,125,19,14,0,,,,4781,69028.943,15.87,0,0
970946448406021,100064720237286,"Alcaldía de Tuluá","¡Arranca la segunda fase de la Actualización Catastral! 🚨🏡 

Este proceso es clave para ajustar la información de nuestros predios y que todo refleje la realidad del territorio.
La Administración Municipal estará en los corregimientos, junto a las Juntas de Acción Comunal y la ciudadanía en general, para explicar cómo este cambio impacta directamente en tu comunidad.

¡Juntos mejoramos a Tuluá #ParaSerFelices! 💪💙 #ActualizaciónCatastral","¡Arranca la segunda fase de la Actualización Catastral! 🚨🏡 

Este proceso es clave para ajustar la información de nuestros predios y que todo refleje la realidad del territorio.
La Administración Municipal estará en los corregimientos, junto a las Juntas de Acción Comunal y la ciudadanía en general, para explicar cómo este cambio impacta directamente en tu comunidad.

¡Juntos mejoramos a Tuluá #ParaSerFelices! 💪💙 #ActualizaciónCatastral",84,"10/09/2024 08:07",uploaded,https://www.facebook.com/reel/1075720544085354/,0,0,Reels,,,,,Total,1648,1489,94,77,7,10,0,,,,2462,32877.553,14.575,0,0
970400041793995,100064720237286,"Alcaldía de Tuluá","¡Inician las obras en Tuluá!✅🚧

📅 Esta semana damos inicio a los trabajos de pavimentación en el sector del cruce de la Virgen, en la vía Aguaclara, con el objetivo de reestablecer el flujo vehicular y mejorar la movilidad en la zona.

👷🏽🚧 La Administración Municipal a través de la Secretaría de Hábitat e Infraestructura, en trabajo articulado con Infitulua , está llevando a cabo la restitución de la carpeta de pavimento rígido, una obra clave para optimizar la infraestructura vial del municipio.🛣️

Con estas acciones, seguimos avanzando en el fortalecimiento de nuestra red vial, mejorando la calidad de vida de los tulueños #ParaSerFelices 💙

Más información➡: https://tulua.gov.co/publicaciones/4942/inician-obras-de-pavimentacion-en-tulua/",,0,"10/08/2024 14:32",N/A,https://www.facebook.com/AlcaldiaDeTulua/posts/pfbid02mAme9EruF57mZ8TGmpEW1W5bq4LaUUEKnccBfBYeTfvkyCBa7F73w85Zsrzc6Xgil,0,0,Fotos,,,,,Total,7061,6709,101,74,9,18,732,619,113,,,,,,
970368831797116,100064720237286,"Alcaldía de Tuluá","¡Atención artistas tulueños!💪🏻🎶🎤

Participa de este espacio generado desde el Departamento Administrativo de Arte y Cultura con Caracol Televisión, donde podrás darte a conocer en el ámbito artístico y musical. 

Nos vemos este viernes, 11 de octubre, 2:00 p. m. en el Auditorio de la Casa de la Cultura. ¡Te esperamos #ParaSerFelices! 💙✌",,0,"10/08/2024 13:27",N/A,https://www.facebook.com/AlcaldiaDeTulua/posts/pfbid0qrNr5jRfNKtTUNq5VYu4jHksqH9MEdb6uZMB9CSNYCa9irSj8Vb5hAP5qeSCDHB6l,0,0,Fotos,,,,,Total,2990,2880,40,23,4,13,43,14,29,,,,,,
970256371808362,100064720237286,"Alcaldía de Tuluá","¡Atención jóvenes mayores de 18 años! 📣
La Armada de Colombia y la Administración Municipal, te invitan a incorporarte y prestar tu servicio militar. No dejes pasar esta oportunidad única. ¡Te esperamos este 24 de octubre en el Coliseo de Ferias Manuel Victoria Rojas!👏🏽
¡Te esperamos!✅🙌","¡Atención jóvenes mayores de 18 años! 📣
La Armada de Colombia y la Administración Municipal, te invitan a incorporarte y prestar tu servicio militar. No dejes pasar esta oportunidad única. ¡Te esperamos este 24 de octubre en el Coliseo de Ferias Manuel Victoria Rojas!👏🏽
¡Te esperamos!✅🙌",80,"10/08/2024 09:57",uploaded,https://www.facebook.com/reel/398524053304789/,0,0,Reels,,,,,Total,1098,1005,56,37,6,13,0,,,,1749,10065.344,6.129,0,0
969627691871230,100064720237286,"Alcaldía de Tuluá","🌿💧 ¡Enamórate de tu río! 💧🌿

Este fin de semana, junto a los Equipos Básicos en Salud y el Plan de Intervenciones Colectivas del Hospital Rubén Cruz Vélez, nos unimos para realizar una jornada de limpieza del río y sus zonas verdes. 🌊🧹
Nuestro compromiso es mantener Tuluá libre de residuos y cuidar la salud de todos. 🌍❤️ Porque la belleza de nuestros espacios es clave para vivir bien.

¡Hagamos de nuestro municipio un lugar más limpio y saludable #ParaSerFelices! 💙 ✨",,0,"10/07/2024 14:11",N/A,https://www.facebook.com/AlcaldiaDeTulua/posts/pfbid0KBZcxgJY5qmkkK2Qd5NFsNqfh8S9cAH5YYp6qtdfuECQ67kmmkyPXRUTXxCG8EDBl,0,0,Fotos,,,,,Total,3946,3808,53,42,0,11,229,191,38,,,,,,
969456485221684,100064720237286,"Alcaldía de Tuluá","🌱 ¡Inicia la Siembra! 🌱
Desde la SEDAMA, damos inicio a la siembra responsable de 50 árboles en la Avenida Cali, utilizando el método de goteo para garantizar su crecimiento saludable.
Invitamos a toda nuestra comunidad tulueña a unirse a esta importante labor ambiental, aportando su apoyo y compromiso para cuidar y preservar nuestro entorno. Juntos hacemos de Tuluá un municipio más verde y sostenible #ParaSerFelices 💙🌳💧","🌱 ¡Inicia la Siembra! 🌱
Desde la SEDAMA, damos inicio a la siembra responsable de 50 árboles en la Avenida Cali, utilizando el método de goteo para garantizar su crecimiento saludable.
Invitamos a toda nuestra comunidad tulueña a unirse a esta importante labor ambiental, aportando su apoyo y compromiso para cuidar y preservar nuestro entorno. Juntos hacemos de Tuluá un municipio más verde y sostenible #ParaSerFelices 💙🌳💧",56,"10/07/2024 08:53",uploaded,https://www.facebook.com/reel/1169594154146041/,1,0,Reels,,,,,Total,1122,1016,58,43,6,9,0,,,,1649,11070.403,7.219,0,0
968761631957836,100064720237286,"Alcaldía de Tuluá","Alcaldía de Tuluá actualizó su foto de portada.",,0,"10/06/2024 11:52",N/A,https://www.facebook.com/photo.php?fbid=968761631957836&set=a.404265015074170&type=3,0,0,Fotos,,,,,Total,149,136,31,29,0,2,3,3,,,,,,,
968699961964003,100064720237286,"Alcaldía de Tuluá","¡Hora de aventurarse en el Mundo de la Fantasía!✨🔹🪄

Prepárate para un día mágico, lleno de diversión para todos, con dulces, inflables, disfraces, rifas y muchas sorpresas más. Este 26 de octubre en el Coliseo de Ferias Manuel Victoria Rojas. 

Ven y vive un Halloween único 🎃🪄👻 ¡Te esperamos #ParaSerFelices! 🙌🏼💙",,0,"10/06/2024 10:24",N/A,https://www.facebook.com/AlcaldiaDeTulua/posts/pfbid0ZiSsSsM7Exhocvp5FXVcvgVreTsCQXbgKZEviaNVUVFB7g24Bt4TNhsksK96E7SBl,0,0,Fotos,,,,,Total,9501,9245,218,153,6,59,309,143,165,,,,,,
968072548693411,100064720237286,"Alcaldía de Tuluá","Conoce cuáles fueron las tres noticias más importantes dela primera semana de octubre, en nuestro resumen “45 segundos #ParaSerFelices”✅🕢 #Noticias #Tuluá 

#Tuluá #Noticias #AlcaldíadeTuluá 💙💪🏼","Conoce cuáles fueron las tres noticias más importantes dela primera semana de octubre, en nuestro resumen “45 segundos #ParaSerFelices”✅🕢 #Noticias #Tuluá 

#Tuluá #Noticias #AlcaldíadeTuluá 💙💪🏼",57,"10/05/2024 15:24",uploaded,https://www.facebook.com/reel/8060014744105187/,1,0,Reels,,,,,Total,1356,1251,108,79,19,10,0,,,,2599,15594.752,6.43,0,0
968034688697197,100064720237286,"Alcaldía de Tuluá","¡La Ruta de la felicidad continúa en el barrio Farfán!🙌🏼✅

Impactando aproximadamente 200 personas, llegamos con la Jornada
descentralizada al barrio Farfán con toda la oferta institucional y una vez más logramos estar más cerca de los tulueños con nuestros servicios y los Equipos Básicos en Salud.🏥🩺 

Continuamos generando espacios #ParaSerFelices 💙💪🏼",,0,"10/05/2024 13:53",N/A,https://www.facebook.com/AlcaldiaDeTulua/posts/pfbid0vJSXeds77AhJTUv2aVfZFM7daL5irFikytc2bzfbfYkhY3jReJoVSpGaxLosKTuhl,0,0,Fotos,,,,,Total,4389,4390,69,54,1,14,444,397,47,,,,,,
967323348768331,100064720237286,"Alcaldía de Tuluá","¡Juntos por el Lago Chilicote! 🌿💧
Desde la SEDAMA realizamos la jornada para limpiar y proteger nuestro humedal Lago Chilicote, vital para la biodiversidad de flora y fauna de nuestro municipio.

¡Cuidar el medio ambiente es tarea de todos! 🌍✨ #ParaSerFelices #LagoChilicote","¡Juntos por el Lago Chilicote! 🌿💧
Desde la SEDAMA realizamos la jornada para limpiar y proteger nuestro humedal Lago Chilicote, vital para la biodiversidad de flora y fauna de nuestro municipio.

¡Cuidar el medio ambiente es tarea de todos! 🌍✨ #ParaSerFelices #LagoChilicote",38,"10/04/2024 15:02",uploaded,https://www.facebook.com/reel/26876075072040172/,0,0,Reels,,,,,Total,1589,1495,75,59,4,12,0,,,,2477,14639.041,6.258,0,0
1060754785450719,100064720237286,"Alcaldía de Tuluá","¡Encuentros con el Alcalde!","Bienvenidos a este espacio de diálogo con nuestra comunidad donde nuestro alcalde @[100050197852350:2048:Gustavo Vélez], nos cuenta las noticias más relevantes de la semana. ¡Gracias por unirte!🙌

#ParaSerFelices",2453,"10/04/2024 10:40",uploaded,https://www.facebook.com/AlcaldiaDeTulua/videos/1060754785450719/,0,0,"En vivo",,,,,Total,4105,3996,323,229,73,21,,,,,4774,161293.551,38.965,0,
967049538795712,100064720237286,"Alcaldía de Tuluá","¡En Tuluá estamos transformando nuestros espacios! 🌿✨

Gracias al trabajo articulado entre la Secretaría de Hábitat e Infraestructura con Infituluá, estamos realizando trabajos de adecuación, pintura, renovación de la cancha, embellecimiento de zonas verdes del barrio San Pedro Claver.

Queremos ofrecerle a nuestras familias tulueñas un entorno más seguro, bonito y digno. 💪🏼🏡 Juntos estamos haciendo de Tuluá un mejor lugar #ParaSerFelices 🙌🏼","¡En Tuluá estamos transformando nuestros espacios! 🌿✨

Gracias al trabajo articulado entre la Secretaría de Hábitat e Infraestructura con Infituluá, estamos realizando trabajos de adecuación, pintura, renovación de la cancha, embellecimiento de zonas verdes del barrio San Pedro Claver.

Queremos ofrecerle a nuestras familias tulueñas un entorno más seguro, bonito y digno. 💪🏼🏡 Juntos estamos haciendo de Tuluá un mejor lugar #ParaSerFelices 🙌🏼",75,"10/04/2024 06:35",uploaded,https://www.facebook.com/reel/896599978523627/,1,0,Reels,,,,,Total,1497,1406,84,64,6,14,0,,,,2823,31002.477,11.837,0,0
966538575513475,100064720237286,"Alcaldía de Tuluá","¡Empoderando la Voz del Líder!✅💪🏼

Así vivimos este gran espacio creado para la comunidad tulueña, líderes, activistas y periodistas que participaron de este taller de comunicación y liderazgo brindado por Jorge Adrián Orozco, periodista tulueño de NTN24, donde compartimos y dialogamos sobre diferentes temas para el fortalecimiento del discurso y la interacción con los líderes sociales y sus territorios. 📣 #ParaSerFelices💙",,0,"10/03/2024 15:33",N/A,https://www.facebook.com/AlcaldiaDeTulua/posts/pfbid029mWdU7jEocwiWGmSHbDvoUi7KwJxAYnW9YzqamMxVgSaKFBQcatBnXN67WfwnnbBl,0,0,Fotos,,,,,Total,4352,4180,53,42,3,8,256,213,43,,,,,,
965758135591519,100064720237286,"Alcaldía de Tuluá","Algo estamos tramando... 🎃🧛‍♀️🪄",,0,"10/02/2024 16:34",N/A,https://www.facebook.com/photo.php?fbid=965758135591519&set=a.404265015074170&type=3,0,0,Fotos,,,,,Total,49,48,31,28,0,3,0,,,,,,,,
965523378948328,100064720237286,"Alcaldía de Tuluá","¡Los tulueños aprovecharon el 90% de descuento en el Papayazo Tributario!🙌🏼✅

Durante el mes de septiembre, más de 3000 ciudadanos realizaron su pago con el 90% del descuento en sanciones e intereses de mora y obtuvieron un gran ahorro en el aporte a sus impuestos. Contribuyendo al desarrollo y progreso de nuestro municipio. #ParaSerFelices 💙","¡Los tulueños aprovecharon el 90% de descuento en el Papayazo Tributario!🙌🏼✅

Durante el mes de septiembre, más de 3000 ciudadanos realizaron su pago con el 90% del descuento en sanciones e intereses de mora y obtuvieron un gran ahorro en el aporte a sus impuestos. Contribuyendo al desarrollo y progreso de nuestro municipio. #ParaSerFelices 💙",86,"10/02/2024 09:04",uploaded,https://www.facebook.com/reel/1037934421157960/,0,0,Reels,,,,,Total,1370,1260,91,64,17,10,0,,,,2436,18057.93,7.868,0,0
965039572330042,100064720237286,"Alcaldía de Tuluá","#Noticias | Durante la tarde de este martes, 1 de octubre, el alcalde Gustavo Vélez Román, inauguró el Tercer Período de Sesiones Ordinarias del Concejo Municipal, donde destacó los logros y desafíos del año en curso. Agradeció a los concejales por su colaboración en el desarrollo del municipio, entre esos, el proyecto ""Papayazo Tributario"", que busca facilitar a los ciudadanos de Tuluá el cumplimiento de sus obligaciones tributarias. #ParaSerFelices

Más información en:➡️ https://tulua.gov.co/publicaciones/4922/alcalde-inaugura-tercer-periodo-de-sesiones-extraordinarias-en-el-concejo/

#Noticias #Tuluá #ConcejoMunicipal #PapayazoTributario",,0,"10/01/2024 19:08",N/A,https://www.facebook.com/AlcaldiaDeTulua/posts/pfbid0kLcKo5vTGAaNtQVyzdcjgTFwbMF9kBHkNCsvE2hp72rEE6ngU8YVPPi561fyuTDQl,0,0,Fotos,,,,,Total,4457,4196,46,34,3,9,46,17,26,3,,,,,
964878922346107,100064720237286,"Alcaldía de Tuluá","Dignificar la vida y la muerte es nuestra prioridad. Desde la Secretaría de Gobierno con el apoyo de Medicina Legal, acompañamos a familias tulueñas en la búsqueda de seres queridos no reclamados, brindando paz y respeto.🙌🏽🤍

Más información en➡: https://tulua.gov.co/publicaciones/4923/solemne-acto-de-inhumacion-homenaje-a-victimas/",,0,"10/01/2024 14:08",N/A,https://www.facebook.com/AlcaldiaDeTulua/posts/pfbid0mQRVu2jzZQ5mrztoHuRBka3qsufD7NuwNP1YSLQy8UySQzA7KFuab2ziTZZqu9NQl,0,0,Fotos,,,,,Total,7279,6966,60,50,2,8,1651,1464,175,12,,,,,
964712239029442,100064720237286,"Alcaldía de Tuluá","#Noticias | Durante el mes de septiembre, más de 3.000 contribuyentes en Tuluá aprovecharon el Papayazo Tributario, logrando un ahorro de 4.830 millones de pesos gracias al descuento del 90% en sanciones e intereses de mora, ofrecido por la Administración Municipal. #ParaSerFelices #Noticias #Tuluá #PapayazoTributario

Más información en: ➡
https://tulua.gov.co/publicaciones/4871/tuluenos-se-ahorraron-5000-millones-con-papayazo-tributario/

@seguidores@fans destacados",,0,"10/01/2024 09:03",N/A,https://www.facebook.com/AlcaldiaDeTulua/posts/pfbid02svQ4KEypDWn4S9zsEFZ31phRj1jR3ymHeimL8uv9M3xuYQHvDrjjhSUJNSWqdH4jl,0,0,Fotos,,,,,Total,3243,3140,62,50,0,12,24,12,8,4,,,,,
964252992408700,100064720237286,"Alcaldía de Tuluá","#Noticias | En una reunión clave para abordar las preocupaciones del gremio de taxistas de Tuluá, el secretario de Gobierno, Martín Hincapié, junto con el director del Departamento de Movilidad, Rubén Sáchica, y la gerente de la Terminal de Transportes, Libia Fernanda Pasmín, recibieron a los líderes del sector para escuchar las inquietudes del gremio, gestionar soluciones locales y elevar las demandas ante el Gobierno Nacional. #ParaSerFelices #AlcaldíaDeTuluá #Tuluá #Noticias 

Más información en: ➡️ https://tulua.gov.co/publicaciones/4868/alcaldia-comprometida-en-buscar-soluciones-a-taxistas/ 🙌🏽",,0,"09/30/2024 19:35",N/A,https://www.facebook.com/AlcaldiaDeTulua/posts/pfbid0dvK7FRfrHvyKZYgJyQ8gSiNVZYb9vq2Em1VfmKrdZpn4B8CcaVE8EBSW5SzKZrtDl,0,0,Fotos,,,,,Total,2902,2839,32,23,2,7,44,28,16,,,,,,
964136385753694,100064720237286,"Alcaldía de Tuluá","#Noticias | El viernes 27 de septiembre, Tuluá dio un paso significativo hacia el fortalecimiento de su desarrollo territorial con la socialización de la Actualización Catastral, un evento dirigido a líderes comunales y a la comunidad en general.   #ParaSerFelices  💙✅

Más información en:  https://tulua.gov.co/publicaciones/4867/operativos-en-tulua-8-capturados-y-un-menor-aprehendido/  
 
@seguidores @fans destacados  

#AlcaldíaDeTuluá #Tuluá",,0,"09/30/2024 15:41",N/A,https://www.facebook.com/AlcaldiaDeTulua/posts/pfbid033Nxg9F1mR2L6Lzyw7ghQ1FBSp3kd6WgdD9iJGKUoevW9A7h2xyYKmBgsdySNMBBGl,0,0,Fotos,,,,,Total,3607,3444,76,57,12,7,101,48,49,4,,,,,
986359000198099,100064720237286,"Alcaldía de Tuluá","¡Aprovecha los últimos días de octubre con el Papayazo Tributario! 🙌🏼✅

No dejes pasar la oportunidad de obtener un 80% de descuento en intereses al pagar tus impuestos. 

¡Contribuye al crecimiento de Tuluá! 💙✨

Juntos, seguimos construyendo un mejor futuro #ParaSerFelices ✌🏽","¡Aprovecha los últimos días de octubre con el Papayazo Tributario! 🙌🏼✅

No dejes pasar la oportunidad de obtener un 80% de descuento en intereses al pagar tus impuestos. 

¡Contribuye al crecimiento de Tuluá! 💙✨

Juntos, seguimos construyendo un mejor futuro #ParaSerFelices ✌🏽",72,"10/28/2024 16:01",uploaded,https://www.facebook.com/reel/8510365775748738/,1,0,Reels,,,,,Total,1234,1162,166,139,12,15,0,,,,2616,23118.957,9.673,0,0
