"Identificador de la publicación","Identificador de la cuenta","Nombre de usuario de la cuenta","Nombre de la cuenta",Descripción,"Duración (segundos)","Hora de publicación","Enlace permanente","Tipo de publicación","Comentario sobre los datos",Fecha,Impresiones,Alcance,"Me gusta","Veces que se compartió",Comentarios,"Veces que se guardó",Seguimientos,Reproducciones
18043686911487403,17841402591799685,alcaldiadetulua,"Alcaldía de Tuluá","¡Los tulueños aprovecharon el 90% de descuento en el Papayazo Tributario!🙌🏼✅

Durante el mes de septiembre, más de 3000 ciudadanos realizaron su pago con el 90% del descuento en sanciones e intereses de mora y obtuvieron un gran ahorro en el aporte a sus impuestos. Contribuyendo al desarrollo y progreso de nuestro municipio. #ParaSerFelices 💙",86,"10/02/2024 09:06",https://www.instagram.com/reel/DAoLoqtAsVM/,"Reel de Instagram",,Total,3371,2723,110,17,11,3,,
17903484567021666,17841402591799685,alcaldiadetulua,"Alcaldía de Tuluá","¡Empoderando la Voz del Líder!✅💪🏼
Así vivimos este gran espacio creado para la comunidad tulueña, líderes, activistas y periodistas que participaron de este taller de comunicación y liderazgo brindado por @jorgeadrianorozcol, periodista tulueño de NTN24, donde compartimos y dialogamos sobre diferentes temas para el fortalecimiento del discurso y la interacción con los líderes sociales y sus territorios. 📣 #ParaSerFelices💙",62,"10/03/2024 14:48",https://www.instagram.com/reel/DArXn85vWc7/,"Reel de Instagram",,Total,965,895,35,1,0,1,,
17880965667070948,17841402591799685,alcaldiadetulua,"Alcaldía de Tuluá","¡En Tuluá estamos transformando nuestros espacios! 🌿✨

Gracias al trabajo articulado entre la Secretaría de Hábitat e Infraestructura con Infituluá, estamos realizando trabajos de adecuación, pintura, renovación de la cancha, embellecimiento de zonas verdes del barrio San Pedro Claver.

Queremos ofrecerle a nuestras familias tulueñas un entorno más seguro, bonito y digno. 💪🏼🏡 Juntos estamos haciendo de Tuluá un mejor lugar #ParaSerFelices 🙌🏼",74,"10/04/2024 06:35",https://www.instagram.com/reel/DAtD2yRulpr/,"Reel de Instagram",,Total,4695,3920,169,27,7,2,,
18063058093599685,17841402591799685,alcaldiadetulua,"Alcaldía de Tuluá","Revive este espacio “Encuentros con el Alcalde” #ParaSerFelices ✅🙌🏽",2425,"10/04/2024 12:22",https://www.instagram.com/reel/DAtlRo6vD1p/,"Reel de Instagram",,Total,610,572,29,0,1,1,,
18101284084442843,17841436811933031,imdertulua,"Imder Tuluá","Celebramos Amor y Amistad con nuestra comunidad #ParaSerFelices 💙",37,"10/04/2024 13:53",https://www.instagram.com/reel/DAt2D_TvtkY/,"Reel de Instagram",,Total,,,26,0,0,0,,1701
18420934057079957,17841402591799685,alcaldiadetulua,"Alcaldía de Tuluá","¡Juntos por el Lago Chilicote! 🌿💧
Desde la SEDAMA realizamos la jornada para limpiar y proteger nuestro humedal Lago Chilicote, vital para la biodiversidad de flora y fauna de nuestro municipio.

¡Cuidar el medio ambiente es tarea de todos! 🌍✨ #ParaSerFelices #LagoChilicote",37,"10/04/2024 15:03",https://www.instagram.com/reel/DAt-FDks3O6/,"Reel de Instagram",,Total,1188,1086,53,6,5,0,,
17857003881223459,17841402591799685,alcaldiadetulua,"Alcaldía de Tuluá","¡La Ruta de la felicidad continúa en el barrio Farfán!🙌🏼✅

Impactando aproximadamente 200 personas, llegamos con la Jornada
descentralizada al barrio Farfán con toda la oferta institucional y una vez más logramos estar más cerca de los tulueños con nuestros servicios y los Equipos Básicos en Salud.🏥🩺 

Continuamos generando espacios #ParaSerFelices 💙💪🏼",0,"10/05/2024 13:53",https://www.instagram.com/p/DAwa89hJv8z/,"Secuencia de Instagram",,Total,2357,1808,89,5,0,0,,
18021603161595453,17841402591799685,alcaldiadetulua,"Alcaldía de Tuluá","Conoce cuáles fueron las tres noticias más importantes dela primera semana de octubre, en nuestro resumen “45 segundos #ParaSerFelices”✅🕢 #Noticias #Tuluá 

#Tuluá #Noticias #AlcaldíadeTuluá 💙💪🏼",57,"10/05/2024 15:24",https://www.instagram.com/reel/DAwlTc2OWS4/,"Reel de Instagram",,Total,1760,1565,59,6,0,0,,
18042309971285027,17841402591799685,alcaldiadetulua,"Alcaldía de Tuluá","¡Hora de aventurarse en el Mundo de la Fantasía!✨🔹🪄

Prepárate para un día mágico, lleno de diversión para todos, con dulces, inflables, disfraces, rifas y muchas sorpresas más. Este 26 de octubre en el Coliseo de Ferias Manuel Victoria Rojas. 

Ven y vive un Halloween único 🎃🪄👻 ¡Te esperamos #ParaSerFelices! 🙌🏼💙",0,"10/06/2024 10:24",https://www.instagram.com/p/DAynwDQuqAu/,"Imagen de Instagram",,Total,5881,4408,115,38,1,5,1,
17862487404185028,17841402591799685,alcaldiadetulua,"Alcaldía de Tuluá","🌱 ¡Inicia la Siembra! 🌱
Desde la SEDAMA, damos inicio a la siembra responsable de 50 árboles en la Avenida Cali, utilizando el método de goteo para garantizar su crecimiento saludable.
Invitamos a toda nuestra comunidad tulueña a unirse a esta importante labor ambiental, aportando su apoyo y compromiso para cuidar y preservar nuestro entorno. Juntos hacemos de Tuluá un municipio más verde y sostenible #ParaSerFelices 💙🌳💧",56,"10/07/2024 08:53",https://www.instagram.com/reel/DA1CIk4urGv/,"Reel de Instagram",,Total,1529,1288,24,1,2,0,,
18145098970338703,17841402591799685,alcaldiadetulua,"Alcaldía de Tuluá","🌿💧 ¡Enamórate de tu río! 💧🌿

Este fin de semana, junto a los Equipos Básicos en Salud y el Plan de Intervenciones Colectivas del Hospital Rubén Cruz Vélez, nos unimos para realizar una jornada de limpieza del río y sus zonas verdes. 🌊🧹
Nuestro compromiso es mantener Tuluá libre de residuos y cuidar la salud de todos. 🌍❤️ Porque la belleza de nuestros espacios es clave para vivir bien.

¡Hagamos de nuestro municipio un lugar más limpio y saludable #ParaSerFelices! 💙 ✨",0,"10/07/2024 14:11",https://www.instagram.com/p/DA1mhhQvkDC/,"Secuencia de Instagram",,Total,2175,1639,85,3,2,1,1,
17948888948847746,17841402591799685,alcaldiadetulua,"Alcaldía de Tuluá","¡Atención jóvenes mayores de 18 años! 📣
La Armada de Colombia y la Administración Municipal, te invitan a incorporarte y prestar tu servicio militar. No dejes pasar esta oportunidad única. ¡Te esperamos este 24 de octubre en el Coliseo de Ferias Manuel Victoria Rojas!👏🏽
¡Te esperamos!✅🙌",80,"10/08/2024 10:00",https://www.instagram.com/reel/DA3uiuGP86B/,"Reel de Instagram",,Total,4465,3840,87,5,0,3,2,
18045745936988031,17841402591799685,alcaldiadetulua,"Alcaldía de Tuluá","¡Inician las obras en Tuluá!✅🚧

📅 Esta semana damos inicio a los trabajos de pavimentación en el sector del cruce de la Virgen, en la vía Aguaclara, con el objetivo de reestablecer el flujo vehicular y mejorar la movilidad en la zona.

👷🏽🚧 La Administración Municipal, a través de la Secretaría de Hábitat e Infraestructura, en trabajo articulado con @infitulua , está llevando a cabo la restitución de la carpeta de pavimento rígido, una obra clave para optimizar la infraestructura vial del municipio.🛣️

Con estas acciones, seguimos avanzando en el fortalecimiento de nuestra red vial, mejorando la calidad de vida de los tulueños #ParaSerFelices 💙",0,"10/08/2024 14:32",https://www.instagram.com/p/DA4Nxv6u5Iy/,"Secuencia de Instagram",,Total,3027,2535,82,8,0,2,1,
17903881832960138,17841402591799685,alcaldiadetulua,"Alcaldía de Tuluá","¡Arranca la segunda fase de la Actualización Catastral! 🚨🏡 

Este proceso es clave para ajustar la información de nuestros predios y que todo refleje la realidad del territorio.
La Administración Municipal estará en los corregimientos, junto a las Juntas de Acción Comunal y la ciudadanía en general, para explicar cómo este cambio impacta directamente en tu comunidad.

¡Juntos mejoramos a Tuluá #ParaSerFelices! 💪💙 #ActualizaciónCatastral",83,"10/09/2024 08:09",https://www.instagram.com/reel/DA6GpVvBCAS/,"Reel de Instagram",,Total,3480,2954,117,8,2,2,,
18037424693323048,17841402591799685,alcaldiadetulua,"Alcaldía de Tuluá","¡Buenas noticias para más de 5,000 tulueños! 🙌🏼💙
Nuestro alcalde, Gustavo Vélez, envió mensajes y realizó llamadas directas 📲, informando a más de 5,000 personas sobre su beneficio de Renta Ciudadana y la Devolución del IVA.

Un paso más hacia el bienestar de nuestra comunidad. 💪🏼 #ParaSerFelices 💙",77,"10/10/2024 11:57",https://www.instagram.com/reel/DA9Fh8bpcsV/,"Reel de Instagram",,Total,4591,3726,103,18,9,1,2,
17958781721820737,17841402591799685,alcaldiadetulua,"Alcaldía de Tuluá","¡Conmemoración Día del Veterano!💙💪🏼🪖

Participamos del homenaje realizado por la Escuela de Policía Simón Bolívar, a nuestros veteranos de guerra, quienes han servido con honor y valentía a nuestra patria, 
Hoy más que nunca, los recordamos y agradecemos por su dedicación y sacrificio. ¡Su valentía es el legado que nos inspira a seguir adelante! ✅

#DíaDelVeterano #ParaSerFelices",0,"10/11/2024 11:40",https://www.instagram.com/p/DA_ob7uvNJw/,"Secuencia de Instagram",,Total,1840,1552,73,1,2,0,,
18051634588906635,17841402591799685,alcaldiadetulua,"Alcaldía de Tuluá","Conoce cuáles fueron las tres noticias más importantes de esta semana, en nuestro resumen “45 segundos #ParaSerFelices”✅🕢 #Noticias #Tuluá

#Tuluá #Noticias #AlcaldíadeTuluá 💙💪🏼",68,"10/12/2024 13:06",https://www.instagram.com/reel/DBCWxbMJnK9/,"Reel de Instagram",,Total,1244,1152,50,3,0,1,,
18107576818386312,17841407739133684,emtulua,"Emtulua Esp","¡Semana Ambiental Tuluá!

En el marco de la COP 16, la administración municipal de Tuluá, a través de la Secretaría de Desarrollo Agropecuario y Medio Ambiente (Sedama) y el Comité Interinstitucional de Educación Ambiental (CIDEA), te invita a celebrar la Novena Semana Ambiental del 21 al 27 de octubre. 

¡Ven y participa! Disfruta de actividades interactivas que fomentarán la conciencia ambiental y te inspirarán a ser parte del cambio. 

¡Construyamos juntos un futuro más verde! 🌱💚

@alcaldiadetulua @centroaguas.sa.esp @veolia_co @asurtumo_91 @cvc_ambiental @ucevacol @camaratulua",0,"10/15/2024 05:53",https://www.instagram.com/p/DBJT8dBJWO7/,"Secuencia de Instagram",,Total,,,41,13,0,0,,
18076001017570822,17841402591799685,alcaldiadetulua,"Alcaldía de Tuluá","¡Jornada pedagógica sobre el uso responsable del espacio público! 🚶‍♂️🚗

Desde la Secretaría de Gobierno, Convivencia y Seguridad, en colaboración con el Departamento Administrativo de Movilidad y Seguridad Vial y la Policía Nacional, buscamos generar conciencia sobre cómo el cuidado de nuestros espacios comunes contribuye a una Tuluá más limpia, segura y ordenada. 💚✨

Seguimos fortaleciendo la convivencia y la cultura ciudadana en Tuluá. ¡Juntos estamos construyendo un mejor lugar #ParaSerFelices! 💪💙",22,"10/15/2024 10:38",https://www.instagram.com/reel/DBJ0bTtibEb/,"Reel de Instagram",,Total,1823,1573,37,3,2,0,,
17923350041971004,17841402591799685,alcaldiadetulua,"Alcaldía de Tuluá","¡Es hora de sumergirse en la magia! ✨🎃🪄

La gestora social, Luz Elena Londoño, hace una invitación muy especial, este 26 de octubre, para disfrutar de un día lleno de alegría y sorpresas en el Coliseo de Ferias Manuel Victoria Rojas. 

Con inflables, dulces, disfraces, rifas y mucho más para que grandes y pequeños vivan una experiencia #ParaSerFelices ¡Te esperamos para celebrar juntos! 🙌🏼💙👻✨",47,"10/15/2024 15:34",https://www.instagram.com/reel/DBKV0mIOhek/,"Reel de Instagram",,Total,9782,6678,208,67,9,5,8,
18147136192339442,17841465258460662,secre.bienestarsocialtulua,"SECRETARIA DE BIENESTAR SOCIAL","“Un bastón blanco, un símbolo de libertad.

Celebramos el Día Internacional del Bastón Blanco visitando líneas podotacticas del Municipio.👩‍🦯

Juntos exploramos, juntos avanzamos #paraserFelices 🙌

#BastónBlanco #Inclusión #DiscapacidadVisual #LíneasPodotácticas #AccesibilidadUniversal”",54,"10/15/2024 16:23",https://www.instagram.com/reel/DBKbtrEuoVu/,"Reel de Instagram",,Total,,,59,9,1,0,,3035
18017981747315123,17841465213107155,tuluaculturacol_,"DEPARTAMENTO DE ARTE Y CULTURA","¡Sabor y tradición en el corazón del Valle! 🫕💪🏼🎶

Más de tres mil personas disfrutaron del Quinto Encuentro de Cocinas Tradicionales ""Sin Comida no hay Alegría"", donde 30 expositores ofrecieron delicias del Valle del Cauca. Sabores únicos, conversatorios, concursos y exhibiciones de cocina, cultura y arte, se unieron en este evento que fortaleció la economía local.

 ¡Un orgullo para nuestra región!✅💙💪🏼
#ParaSerFelices💙",0,"10/16/2024 13:40",https://www.instagram.com/p/DBMuOyBpDvB/,"Secuencia de Instagram",,Total,,,43,1,2,0,,
17943243401777782,17841402591799685,alcaldiadetulua,"Alcaldía de Tuluá","¡Seguimos fortaleciendo las estrategias para la seguridad de los tulueños! ✅

Con el apoyo de nuestra Fuerza Pública, realizamos “las Caravanas por la Vida”, una iniciativa que refuerza el control y garantiza la seguridad de nuestra comunidad. #ParaSerFelices",60,"10/16/2024 17:15",https://www.instagram.com/reel/DBNGmSPpyyB/,"Reel de Instagram",,Total,1383,1294,55,1,6,1,,
17869230807142143,17841402591799685,alcaldiadetulua,"Alcaldía de Tuluá","¡Hemos iniciado la reactivación del vivero municipal!🌱💪🏼🪄

Desde la Secretaría de Desarrollo Agropecuario y Medio Ambiente, SEDAMA, estamos impulsando la producción de material ornamental, forestal y de jardinería, con el objetivo de llenar de vida y zonas verdes cada rincón de nuestro municipio. 🌿🌸

Este esfuerzo contribuye a revitalizar nuestros espacios urbanos, creando un entorno más saludable y armonioso para todos. #ParaSerFelices #SEDAMA 💙",66,"10/17/2024 10:01",https://www.instagram.com/reel/DBO51LUsYga/,"Reel de Instagram",,Total,588,559,28,0,2,0,,
17903858613059685,17841402591799685,alcaldiadetulua,"Alcaldía de Tuluá","¡Conmemoración del Día Mundial de la Lucha contra el Cáncer de mama!💕💪🏼

Con una jornada pedagógica, las secretarias de Salud y de Bienestar Social, se unieron para realizar una jornada de sensibilización e información para la prevención del cancer de mama en las mujeres tulueñas.✅✌🏾 #ParaSerFelices 💙",32,"10/18/2024 16:16",https://www.instagram.com/reel/DBSJb2CvlqS/,"Reel de Instagram",,Total,1229,1053,29,0,0,0,,
17889037422100318,17841402591799685,alcaldiadetulua,"Alcaldía de Tuluá","Aquí podrás revivir las noticias más importantes de este semana con nuestro resumen “45 segundos #ParaSerFelices” 💙✅✌🏽",78,"10/19/2024 10:12",https://www.instagram.com/reel/DBUChnPP5hw/,"Reel de Instagram",,Total,1071,987,42,1,2,0,,
17912072520008710,17841436811933031,imdertulua,"Imder Tuluá","¡Estamos en inscripciones!
Desliza para que conozcas los deportes que ofrecemos en nuestro programa de Iniciación totalmente gratis 🏀⚽️🛼🥊",0,"10/19/2024 13:48",https://www.instagram.com/p/DBUdedApOel/,"Secuencia de Instagram",,Total,,,71,20,1,0,,
17880318573159384,17841402591799685,alcaldiadetulua,"Alcaldía de Tuluá","🎃 ¡Tenemos un cita muy especial con todos los niños y niñas de Tuluá! Es momento de sumergirnos en El Mundo de la Fantasía!🪄🦄

👻 Viviremos un día mágico, lleno de diversión y sorpresas pensado especialmente para ti en compañía de @lospayachiquisoficial 🤩

📅 26 de octubre de 2024
📍 Coliseo de Ferias Manuel Victoria Rojas 

¡No te lo pierdas! 🌟 Una aventura #ParaSerFelices 💙✨",46,"10/20/2024 09:52",https://www.instagram.com/reel/DBWnJQQPwnh/,"Reel de Instagram",,Total,9369,6845,174,55,11,11,4,
17954883287740888,17841407739133684,emtulua,"Emtulua Esp","¡Bienvenidos a la Novena Semana Ambiental de Tuluá !🌿

Desde la administración municipal, liderada por el ingeniero Gustavo Adolfo Vélez Román, iniciamos hoy esta importante semana en el marco de la COP 16. Nos sumamos a la celebración de nuestra biodiversidad con una jornada de siembra de árboles en la orilla del río Tuluá, junto a diversas entidades comprometidas.

¡Únete a nosotros y contribuye a un futuro más verde! 🌳💚

#SemanaAmbiental #COP16 #cop16 #paraserfelices #biodiversidad #tuluá",60,"10/21/2024 13:34",https://www.instagram.com/reel/DBZlZynJle2/,"Reel de Instagram",,Total,,,44,2,1,0,,
17870244957212578,17841402591799685,alcaldiadetulua,"Alcaldía de Tuluá","¡En Tuluá seguimos trabajando por una mejor atención en salud!🚑 🩺

Con la visita del @minsaludcol de Salud @guillermo_alfonso_jaramillo, al @hospitalrubencruzvelez, se anunciaron mejoras en siete puestos de salud, con esto, permitiremos más accesibilidad y calidad para nuestras comunidades urbanas y rurales. 🏥 💪 #ParaSerFelices",0,"10/21/2024 13:36",https://www.instagram.com/p/DBZlvDYvYYK/,"Secuencia de Instagram",,Total,4074,3182,127,3,3,2,1,
18043975472505841,17841402591799685,alcaldiadetulua,"Alcaldía de Tuluá","¡FORTALECIENDO LA INFRAESTRUCTURA VIAL! 🚧👷🏻

Buscando el beneficio de más de 1300 estudiantes, en tan solo una semana, hemos avanzado significativamente en la pavimentación de la Calle 7ma, entre las carreras 18 y 19. 🚧💪 Esta obra tan esperada transforma nuestro barrio, y hoy es una realidad para mejorar la calidad de vida de todos los tulueños. 
¡La transformación está en marcha y tú eres parte de ella! 💪🌟 #ParaSerFelices 💙",75,"10/22/2024 15:23",https://www.instagram.com/reel/DBcWsZovfY8/,"Reel de Instagram",,Total,1787,1290,34,0,0,0,,
18003380108659951,17841407739133684,emtulua,"Emtulua Esp","¡Segundo día de la Semana Ambiental en el marco de la COP 16! 

🎭✨ Disfrutamos de increíbles obras de teatro y representaciones en el Centro Comercial Bicentenario Plaza, donde juntos concientizamos sobre la vital importancia de cuidar nuestra biodiversidad.

¡Únete y recuerda: La naturaleza no se vende! 🌱💚 Tu participación hace la diferencia.",0,"10/23/2024 08:34",https://www.instagram.com/p/DBeMr45OW6E/,"Secuencia de Instagram",,Total,,,56,1,0,0,,
17949616613851390,17841402591799685,alcaldiadetulua,"Alcaldía de Tuluá","🎃 ¡Explora el Mundo de la Fantasía, una Aventura “ParaSerFelices! 🌟

¡Este Halloween, los más pequeños de la casa están invitados a una aventura mágica! Conoce las estaciones que tendremos para ti, donde los niños podrán descubrir actividades asombrosas, recorrer caminos encantados y vivir una experiencia única llena de sorpresas.

🦄 Nos vemos este sábado, 26 de octubre de 2024
🕒 10:00 a. m.
📍 Coliseo de Ferias Manuel Victoria Rojas

¡Ven disfrazado con un adulto responsable y prepárate para un día de diversión y fantasía!✨🪄 No te pierdas la oportunidad de hacer recuerdos inolvidables. ¡Te esperamos! 💙

Apoyan: 
@celsia_energia @infitulua @emtulua @supergiroscentrodelvalle @veolia_co @hospitalrubencruzvelez @constructoralacima @central_de_transportes_tulua_ @mundoalitascolombia @losolivostulua @mvc30 @electroingenieria @distribuidora_jm.t @comfenalcovalle @centroaguas.sa.esp @fundacion_colombina @funeraria_sanmartin #PanelaElTrébol @supercentrotulua @cclaherradura @nestlecolombia",0,"10/23/2024 11:14",https://www.instagram.com/p/DBefDg2vrT4/,"Secuencia de Instagram",,Total,4767,3578,127,61,2,9,1,
18065428069678836,17841407739133684,emtulua,"Emtulua Esp","¡Así se vivió el Cuarto Día de la Semana Ambiental en el marco de la COP 16!🌱

Se llevó a cabo el Foro Ambiental de Servicios Públicos y Acciones por una Región Sostenible, con ponencias de CVC, CentroAguas, Veolia y Asurtumo. Los temas centrales fueron el cuidado de las fuentes hídricas, la biodiversidad y el manejo de residuos sólidos. 

Agradecemos la activa participación de los presidentes de juntas de acción comunal rurales, estudiantes de Uceva e Instituciones Educativas. ¡Juntos trabajamos por un futuro más sostenible! ♻️💚

#cop16 #tuluá #paraserfelices #biodiversidad",0,"10/24/2024 12:06",https://www.instagram.com/p/DBhJ0hkpO8D/,"Secuencia de Instagram",,Total,,,67,5,0,0,,
18018868382622336,17841402591799685,alcaldiadetulua,"Alcaldía de Tuluá","🌟 ¡Trabajando por la sana convivencia en Tuluá! 🌟

La Administración Municipal realizó hoy la presentación del nuevo equipo de Gestores de Convivencia, un grupo comprometido con el diálogo y la colaboración en nuestra comunidad que ha trabajado desde el inicio de año pero ahora estarán identificados con un nuevo uniforme. Junto a la Policía Nacional y Agentes de Tránsito, trabajarán para promover el orden y la tranquilidad en el espacio público.

👮‍♂️💬 ¡Unámonos para construir un Tuluá mejor #ParaSerFelices!💚✨",0,"10/24/2024 12:17",https://www.instagram.com/p/DBhLBtfPMBG/,"Secuencia de Instagram",,Total,4383,3201,169,5,4,1,,
18046159322018769,17841402591799685,alcaldiadetulua,"Alcaldía de Tuluá","🎉 ¡Este sábado, los niños de Tuluá están invitados a explorar el Mundo de la Fantasía en una Aventura “ParaSerFelices”! 🌈✨

🌟 Sigue estos tips para tener un día lleno de magia, diversión y aprendizaje para disfrutar al máximo. ¡No se lo pueden perder!💙",0,"10/24/2024 16:03",https://www.instagram.com/p/DBhk3cyPX6k/,"Imagen de Instagram",,Total,2331,2132,52,16,2,1,,
18041903642286608,17841407739133684,emtulua,"Emtulua Esp","¡Cuarto Día de la Semana Ambiental en el marco de la COP 16! 💚♻️

Se llevó a cabo un impactante Foro Ambiental de Servicios Públicos y Acciones por una Región Más Sostenible, un espacio clave para fortalecer la dimensión ambiental en Tuluá. 

¡Únete a nosotros y sé parte de la construcción de un Tuluá más sostenible! 🌎🌱¡Juntos hacemos la diferencia!",52,"10/24/2024 16:20",https://www.instagram.com/reel/DBhmOFmOyWo/,"Reel de Instagram",,Total,,,45,1,0,0,,
18042776639493969,17841402591799685,alcaldiadetulua,"Alcaldía de Tuluá","¡Compromiso con la Educación! 🎓✨

Hoy, el alcalde @gustavovelezr, participó en la audiencia pública “Plan Maestro” en la @universidaddelvallesedetulua. Junto a los Ministros de Educación, Daniel Rojas, y de Hacienda y Crédito Público, Ricardo Bonilla, escuchó a la comunidad estudiantil. La Administración reafirma su compromiso con el progreso educativo. 

¡Juntos avanzamos hacia un futuro mejor! #ParaSerFelices 🙌🏼💙",0,"10/24/2024 17:38",https://www.instagram.com/p/DBhvxpsvTNY/,"Secuencia de Instagram",,Total,2086,1770,122,4,2,1,,
17894075739014973,17841402591799685,alcaldiadetulua,"Alcaldía de Tuluá","¡32 hombres y mujeres serán guardianes de espacio público!🦺✅

Con el objetivo de fortalecer el diálogo y la sana convivencia en nuestro municipio, este grupo que desde enero ha trabajado por el diálogo y la seguridad ahora, estarán identificados con nuevos uniformes para facilitar su reconocimiento. 

¡Construyamos juntos un mejor municipio! #ParaSerFelices🙌🏼💙",99,"10/25/2024 04:26",https://www.instagram.com/reel/DBi5zEav8fY/,"Reel de Instagram",,Total,2956,2681,104,5,6,2,,
17923259048980191,17841402591799685,alcaldiadetulua,"Alcaldía de Tuluá","¡Amigos con el Alcalde! 👧🏻🎈🪅💙🗣️

Bienvenidos a este espacio creado para la comunidad. Hoy estaremos con tres pequeños grandes amigos hablando de diferentes temas e interactuando con nuestra comunidad tulueña.

¡Vamos a construir una Tuluá #ParaSerFelices! 💙",2545,"10/25/2024 11:15",https://www.instagram.com/reel/DBjovT5vth0/,"Reel de Instagram",,Total,989,870,63,1,1,0,1,
18118230214396704,17841402591799685,alcaldiadetulua,"Alcaldía de Tuluá","¡Mañana es el gran día! 🎉✨

La Administración Municipal, invita a todos los niños a sumergirse en una aventura mágica, mañana en el Coliseo de Ferias Manuel Victoria Rojas. 🌟 ¡Desde las 10 de la mañana podrás explorar el Mundo de la Fantasía! Con inflables, dulces y estaciones llenas de actividades asombrosas y mucho más. 🎃🪄

¡Ven a recorrer caminos encantados y vivir una experiencia única! ¡No se lo pueden perder! 🎈🙌🏼💙👻✨ #ParaSerFelices",45,"10/25/2024 15:11",https://www.instagram.com/reel/DBkDobtP0YL/,"Reel de Instagram",,Total,6533,5253,125,50,8,7,2,
17955630674830485,17841402591799685,alcaldiadetulua,"Alcaldía de Tuluá","Hoy, el alcalde @gustavovelezr, participó de la Feria de Agroturismo de la @camaratulua, un evento fundamental que une a empresarios, agricultores e inversionistas tulueños.🌱✨ Este espacio promueve la innovación y la sostenibilidad, fortaleciendo la economía local. 

¡Te invitamos a que visites y hagas parte del progreso de Tuluá! 💪🏼#ParaSerFelices",0,"10/25/2024 16:47",https://www.instagram.com/p/DBkOtjfviiA/,"Secuencia de Instagram",,Total,3923,3058,181,3,1,1,4,
18013064177392256,17841402591799685,alcaldiadetulua,"Alcaldía de Tuluá","¡Bienvenidos al Mundo de la Fantasía! 🎃✨ 

Estamos listos para vivir un espacio mágico y feliz para todos los niños y niñas. Tendremos mucha diversión y sorpresas. Ven ahora y vive una experiencia inolvidable. ¡Los esperamos! 🪄✨💙#ParaSerFelices",0,"10/26/2024 08:32",https://www.instagram.com/p/DBl62IpPku9/,"Secuencia de Instagram",,Total,7598,5711,448,46,10,10,,
18285827224210023,17841402591799685,alcaldiadetulua,"Alcaldía de Tuluá","¡Seguimos aquí en el Coliseo de Ferias viviendo el Mundo de la Fantasía! 🎉✨ 

Los invitamos a que vengan a disfrutar de nuestros maravillosos stands llenos de magia y diversión. ¡No se lo pierdan, todos los niños y niñas son bienvenidos! ✨🪄💙 #ParaSerFelices #MundoDeLaFantasía",40,"10/26/2024 09:54",https://www.instagram.com/reel/DBmEEEOvsWC/,"Reel de Instagram",,Total,9686,7583,250,29,5,6,1,
18053177647745718,17841402591799685,alcaldiadetulua,"Alcaldía de Tuluá","Magia, diversión y muchas sorpresas estamos viviendo en nuestro Mundo de la Fantasía🪄🎃👻 #ParaSerFelices",0,"10/26/2024 09:55",https://www.instagram.com/p/DBmEZDyOMSB/,"Secuencia de Instagram",,Total,5062,4097,346,9,7,3,2,
17843199099344938,17841402591799685,alcaldiadetulua,"Alcaldía de Tuluá","¡Continuamos siendo felices en el Mundo de la Fantasía! 🎉✨

Las familias tulueños están disfrutando de este espacio mágico de forma gratuita. Aquí, cada sonrisa se convierte en un recuerdo inolvidable y cada momento es una celebración de alegría. ¡No se lo pierdan! ✨💙 #ParaSerFelices 🙌🏼",0,"10/26/2024 12:30",https://www.instagram.com/p/DBmWEpDPQRA/,"Secuencia de Instagram",,Total,5168,4211,336,15,0,4,9,
18144860719345330,17841402591799685,alcaldiadetulua,"Alcaldía de Tuluá","En el Mundo de la Fantasía los niños y niñas son nuestra prioridad, por eso, hoy firmamos el Pacto por la Niñez✨🪄💙 #ParaSerFelices 🪄🤩",0,"10/26/2024 13:00",https://www.instagram.com/p/DBmZlz3PcY1/,"Secuencia de Instagram",,Total,3991,3216,145,5,0,1,,
18335031208196261,17841402591799685,alcaldiadetulua,"Alcaldía de Tuluá","¡Tuluá continúa llenándose de Magia en el “Mundo de la Fantasía”! 🎃✨

Seguimos ofreciendo a los niños y niñas espacios llenos de magia y diversión. Este evento está repleto de sorpresas y actividades emocionantes para toda la familia. ¡Únete a nosotros y celebra un Halloween inolvidable!🪄🙌🏼💙",0,"10/26/2024 14:59",https://www.instagram.com/p/DBmnMXgPBI4/,"Secuencia de Instagram",,Total,7498,5828,457,5,0,1,2,
17864201433251641,17841402591799685,alcaldiadetulua,"Alcaldía de Tuluá","¡Gracias, Tuluá! 🙏🏼✨💙

Más de 5,000 niños y niñas disfrutaron del “Mundo de la Fantasía” este Halloween, y todo fue posible gracias a su participación. Agradecemos a cada tulueño que se unió a esta celebración mágica. Juntos, estamos construyendo un Tuluá mejor, donde nuestro lema “#Para SerFelices” cobra vida. ¡Sigamos trabajando juntos por nuestra comunidad! 💪✨🪄",0,"10/26/2024 17:14",https://www.instagram.com/p/DBm2naJP8Ba/,"Secuencia de Instagram",,Total,9272,7631,543,7,20,2,1,
18066509692640074,17841405972723932,zonaretro_online,"ZONA RETRO (PROGRAMA ONLINE) 🔴","MUNDO DE LA FANTASÍA👻  vivimos hoy con todos los niños del CORAZÓN DEL VALLE  TULUA😍❤️ 

👻 ⭐️✨ 

Alcalde @gustavovelezr",68,"10/26/2024 19:27",https://www.instagram.com/reel/DBnFGGotBWE/,"Reel de Instagram",,Total,,,245,18,0,0,,
17883586224116481,17841402591799685,alcaldiadetulua,"Alcaldía de Tuluá","Conoce las noticias más importantes de esta semana en nuestro resumen “45 segundos #ParaSerFelices”💙✅",78,"10/27/2024 08:00",https://www.instagram.com/reel/DBob7lDv9g6/,"Reel de Instagram",,Total,1078,1014,48,0,2,0,,
18046344856995648,17841402591799685,alcaldiadetulua,"Alcaldía de Tuluá","¡Tuluá vuelve a soñar, a sonreír!✨💙🪄

El Mundo de la Fantasía iluminó el rostro de 8000 tulueños que soñaron y participaron de este gran espacio para la familia. Cada niño y cada padre recordará este gran día que hemos vivido lleno de magia y diversión  #ParaSerFelices 🪄💙✨ ¡GRACIAS POR SER PARTE DE NUESTRA ALEGRÍA!🙌🏼🤩",68,"10/27/2024 19:00",https://www.instagram.com/reel/DBpnTqev60N/,"Reel de Instagram",,Total,3803,3211,178,10,11,2,,
18067327942711590,17841402591799685,alcaldiadetulua,"Alcaldía de Tuluá","¡Aprovecha los últimos días de octubre con el Papayazo Tributario! 🙌🏼✅

No dejes pasar la oportunidad de obtener un 80% de descuento en intereses al pagar tus impuestos. 

¡Contribuye al crecimiento de Tuluá! 💙✨

Juntos, seguimos construyendo un mejor futuro #ParaSerFelices ✌🏽",71,"10/28/2024 16:01",https://www.instagram.com/reel/DBr3q4IPgoI/,"Reel de Instagram",,Total,3652,2921,90,9,2,3,1,
18116559421407267,17841402591799685,alcaldiadetulua,"Alcaldía de Tuluá","¡Muy pronto regresará el Palacio de Justicia!✌🏽✅

Este año, hemos trabajado sin descanso para recuperar este espacio vital para nuestra comunidad. Muy pronto, el Palacio de Justicia, que había sido destruido en 2021, volverá a brillar. ✨

Con esta entrega, damos un paso más hacia un Tuluá #ParaSerFelices 💙💪🏼",42,"10/29/2024 09:46",https://www.instagram.com/reel/DBtxrFRv8A8/,"Reel de Instagram",,Total,2961,2538,122,5,4,0,,
18003218015509876,17841400356362656,infitulua,"INFITULUÁ E.I.C.E","Hoy en C❤razones de Infi, compartimos los testimonios  y experiencias de los tulueños sobre los avances  de obra significativos en nuestro municipio.

Día a día seguimos trabajando construyendo una Tuluá #ParaSerFelices",51,"10/29/2024 12:45",https://www.instagram.com/reel/DBuGHpJPtMN/,"Reel de Instagram",,Total,2351,1935,45,8,0,0,,2969
18039914140979016,17841407739133684,emtulua,"Emtulua Esp","Desde la administración municipal, bajo el liderazgo de nuestro alcalde Gustavo Adolfo Vélez Román y Empresas Municipales de Tuluá, se llevó a cabo la socialización de los proyectos de agua potable y saneamiento básico en el corregimiento de Bocas de Tuluá. 💧🚰

Estos proyectos garantizarán el acceso a agua potable de calidad, lo que mejorará significativamente la salud y el bienestar de la comunidad.

💙 ¡Continuamos trabajando para ser felices! 💙",57,"10/29/2024 14:22",https://www.instagram.com/reel/DBuPO90JvtO/,"Reel de Instagram",,Total,,,37,1,0,0,,
17979197774628003,17841402591799685,alcaldiadetulua,"Alcaldía de Tuluá","¡Jornadas de salud para toda nuestra población!🏥🩺

Hoy estuvimos en la Plaza Cívica Boyacá, brindando un servicio más cercano a las poblaciones más vulnerables. Con la Secretaría de Salud, Entidades Promotoras, Equipos Básicos en Salud y Plan de Intervenciones Colectivas del @hospitalrubencruzvelez, se brindó atención médica, salud mental y pruebas rápidas de VIH.💪🏼 Además, el Departamento de Planeación asistió con atención  SISBÉN, garantizando el acceso a programas de asistencia social. Estas acciones reafirman nuestro compromiso con un Tuluá más saludable y equitativo #ParaSerFelices ✅💙",0,"10/29/2024 15:35",https://www.instagram.com/p/DBuZuZPvpmc/,"Secuencia de Instagram",,Total,1706,1410,51,4,2,0,,
18061024549813258,17841400356362656,infitulua,"INFITULUÁ E.I.C.E","¡Inició pavimentación de la carrera 28! 🏗

En un trabajo articulado entre la Administración Municipal a través de la Secretaría de Hábitat e Infraestructura en conjunto con Infituluá, se está realizando la pavimentación y mejoramiento de la vía de la Carrera 28 entre calles 15 y 20 del barrio Tomás Uribe, al costado del río Tuluá. 

¡Una vía que mejorará la calidad de vida de los tulueños!

Juntos estamos haciendo de Tuluá un mejor lugar #ParaSerFelices",61,"10/30/2024 08:33",https://www.instagram.com/reel/DBwNnL2p3ob/,"Reel de Instagram",,Total,3071,2627,70,10,5,1,1,3972
18051901909767231,17841431512646378,puntos_innova_tulua,"Punto Innova","Con éxito total se dio el lanzamiento de #TalentoTech un programa del ministerio de las TIC que busca formar a más a 113.000 jóvenes en habilidades digitales.

Gracias a la gestión de la Administración Municipal y al Departamento TIC se hizo posible que estos programas estén con los jóvenes tulueños. #ParaSerFelices",0,"10/30/2024 09:54",https://www.instagram.com/p/DBwXejLODWS/,"Secuencia de Instagram",,Total,,,77,2,1,0,,
17979764387767583,17841402591799685,alcaldiadetulua,"Alcaldía de Tuluá","🚨 ¡Caen integrantes de “La Inmaculada”! 📣

La Policía Nacional realizó la captura de Darlien “Peluco” Acevedo, implicado en los asesinatos del exconcejal Carlos Arturo Londoño y la funcionaria Clarivet Ocampo. ¡Continuamos trabajando por la justicia en nuestro municipio! 💥💪🏼 #ParaSerFelices #OperaciónTuluá",67,"10/30/2024 14:03",https://www.instagram.com/reel/DBwz4RIPmCt/,"Reel de Instagram",,Total,2535,2319,81,10,0,4,2,
18051735568931528,17841402591799685,alcaldiadetulua,"Alcaldía de Tuluá","¡Mejoramos la conectividad en nuestra zona rural! 🚜✨

Hemos intervenido más de 18 kilómetros lineales con canalización, embalastramiento y cuneteo, gracias al trabajo de la Administración Municipal a través de la Secretaría de Hábitat e Infraestructura. 🛤️💪 Nuestro objetivo es asegurar que todas las comunidades tengan acceso a vías en óptimas condiciones. ¡Seguimos construyendo un Tuluá más conectado! 🌱 #ParaSerFelices 💙💪🏼",68,"10/30/2024 16:40",https://www.instagram.com/reel/DBxFjKPvOnj/,"Reel de Instagram",,Total,2106,1739,39,3,1,0,,
18065821984659342,17841402591799685,alcaldiadetulua,"Alcaldía de Tuluá","🎃👻 Halloween Seguro y Saludable 💪🏼

¡Este Halloween, te invitamos a disfrutar de una noche llena de diversión y seguridad! Aquí te dejamos algunos tips para garantizar un Halloween seguro para tus pequeños. ¡Disfrutemos de un Halloween en familia y seguros! 🎉👻💙 #ParaSerFelices #HalloweenSeguro",0,"10/31/2024 08:22",https://www.instagram.com/p/DByxtflv2_a/,"Secuencia de Instagram",,Total,2214,1679,58,4,0,1,2,
18064966537734663,17841402591799685,alcaldiadetulua,"Alcaldía de Tuluá","🎃✨ ¡Trabajamos articulados por un Halloween feliz!🎉 

La Administración Municipal y la Policía Nacional se unen para garantizar que todos disfruten de esta celebración con tranquilidad. Juntos, estamos comprometidos con la seguridad de nuestros tulueños.
 ¡Celebremos con alegría y responsabilidad! 👮‍♂️👻 #HalloweenSeguro #ParaSerFelices",60,"10/31/2024 11:27",https://www.instagram.com/reel/DBzG1DzPNq5/,"Reel de Instagram",,Total,2497,2354,117,2,1,5,,
17881119672156720,17841402591799685,alcaldiadetulua,"Alcaldía de Tuluá","🎃 ¡Halloween mágico en Tuluá! 👻

Hoy los niños y niñas pasaron una tarde mágica en la celebración de Halloween de la Central de Transportes. Con un espacio lleno de sorpresas: regalos, rifas emocionantes y magia que nos hizo felices a todos. 🪄✨

Los niños disfrutaron, jugaron y se llevaron recuerdos inolvidables.

💖 ¡Gracias por un Halloween espectacular #ParaSerFelices!🎉",0,"10/31/2024 17:22",https://www.instagram.com/p/DBzvflEPQj5/,"Secuencia de Instagram",,Total,4610,3455,155,9,1,2,,
17857319841288444,17841402591799685,alcaldiadetulua,"Alcaldía de Tuluá","🚧 ¡Alcaldía recuperó las vías del Callejón morales !🚧 

Con la Secretaría de Hábitat e Infraestructura, avanzamos en el Mejoramiento de la infraestructura vial con 2 kilómetros de fresado en el Callejón Morales. Esta importante obra busca conectar nuestro municipio y mejorar la movilidad, gracias al trabajo articulado con la empresa PISA. ¡Juntos construimos un mejor futuro! #ParaSerFelices 💙🙌🏼",61,"11/01/2024 08:23",https://www.instagram.com/reel/DB1Wk0xvMDK/,"Reel de Instagram",,Total,2779,2379,87,6,4,0,,
17983456880768930,17841402591799685,alcaldiadetulua,"Alcaldía de Tuluá","¡23 motos inmovilizadas y 33 comparendos durante caravanas ilegales!🚨🚔

Con más de 30 órdenes de comparando, 23 motos inmovilizadas y 5 menores aprehendidos, la Administración Municipal y la Fuerza Pública, realizó un exitoso operativo de control que garantizó la seguridad y tranquilidad de nuestras calles. Sin homicidios ni accidentes, nuestra comunidad disfrutó de la celebración con paz. Agradecemos a todos por su colaboración y recordamos que seguimos trabajando juntos para promover la convivencia y la felicidad en nuestro municipio. 🙌🏼#ParaSerFelices 💙",85,"11/01/2024 12:06",https://www.instagram.com/reel/DB1wD2HvJR1/,"Reel de Instagram",,Total,3806,3527,107,10,3,3,,
18470479720052866,17841402591799685,alcaldiadetulua,"Alcaldía de Tuluá","¡70% de descuento con el Papayazo Tributario en noviembre! 💰✨

Ponte al día con tus impuestos y obtén un 70% de descuento en intereses de mora durante noviembre y diciembre. ¡No dejes pasar esta gran oportunidad!💪🏼 #PapayazoTributario #ParaSerFelices ✅🙌🏼",58,"11/02/2024 08:38",https://www.instagram.com/reel/DB38yeYv7Gz/,"Reel de Instagram",,Total,4254,3867,115,19,0,3,2,
18046021535039413,17841402591799685,alcaldiadetulua,"Alcaldía de Tuluá","Conoce las noticias más importantes de esta semana en nuestro resumen “45 segundos #ParaSerFelices”💙✅",68,"11/02/2024 10:33",https://www.instagram.com/reel/DB4KHCTvx-4/,"Reel de Instagram",,Total,1984,1569,58,31,3,0,2,
18495089638019723,17841402591799685,alcaldiadetulua,"Alcaldía de Tuluá","Revive nuestra transmisión “Encuentros con el Alcalde” 🎙️donde conversamos con los tulueños sobre lo más importante de esta semana. #ParaSerFelices 💙✅",3140,"11/03/2024 07:36",https://www.instagram.com/reel/DB6hpaRvt8n/,"Reel de Instagram",,Total,747,716,28,0,1,1,,
17963925479810191,17841402591799685,alcaldiadetulua,"Alcaldía de Tuluá","🚨 ¡Más de 80 motocicletas recuperadas en Tuluá durante 2024!✅

Gracias al trabajo de la Policía Nacional, durante este año, se ha obtenido una reducción del 42% en los hurtos, con 118 casos reportados. ¡Continuamos trabajando para mantener la seguridad en nuestro municipio! #ParaSerFelices 💙🙌🏼",66,"11/03/2024 17:28",https://www.instagram.com/reel/DB7laUQPB9T/,"Reel de Instagram",,Total,2746,2249,47,0,1,0,,
18061512685751631,17841402591799685,alcaldiadetulua,"Alcaldía de Tuluá","🚨 ¡Tuluá cuenta con una de las Centrales de Transportes más modernas de Colombia! 🚨

Con cámaras de seguridad y reconocimiento facial, en la Central de Transportes de Tuluá, garantizamos un entorno seguro para los 11,000 pasajeros que nos visitan a diario. 💻🔒 Tecnología de última generación para proteger a todos y hacer de Tuluá, un lugar #ParaSerFelices. 💪🏼💙

#Seguridad #Tuluá",85,"11/05/2024 15:23",https://www.instagram.com/reel/DCAgfstPQAA/,"Reel de Instagram",,Total,3042,2344,81,18,0,1,,
18100972513417120,17841402591799685,alcaldiadetulua,"Alcaldía de Tuluá","🚜 Brigada de salud animal en Tochecito 📍🐄🐴

Más de 40 usuarios de la zona rural recibieron atención médica para sus bovinos, caninos, felinos, gallinas entre otros, gracias al trabajo de la SEDAMA. ¡Seguimos trabajando por el bienestar del campo! 🌱 #ParaSerFelices 💙",35,"11/06/2024 10:58",https://www.instagram.com/reel/DCCnMRdPU_6/,"Reel de Instagram",,Total,1113,963,19,1,2,0,,
18045368404886610,17841402591799685,alcaldiadetulua,"Alcaldía de Tuluá","🎉🚓 ¡Celebramos 133 años de la Policía Nacional 🚓🎉

Hoy, junto al alcalde @gustavovelezr, rendimos homenaje a los héroes que velan por nuestra seguridad día a día en Tuluá. En el Comando de Policía Tuluá, conmemoramos los 133 años de trabajo y compromiso de nuestra Policía Nacional, agradeciendo su valentía y dedicación. 🙏 

¡Gracias por protegernos y por ser el escudo que nos cuida a todos! 🇨🇴✨ #ParaSerFelices
 💙",0,"11/06/2024 15:52",https://www.instagram.com/p/DCDI1nIvQkN/,"Secuencia de Instagram",,Total,5354,4382,256,4,1,3,2,
18045779200885918,17841402591799685,alcaldiadetulua,"Alcaldía de Tuluá","🌊🚧 Canalización del río: un paso firme por la seguridad de los habitantes 🚧🌊

La Administración Municipal, en trabajo articulado con la Secretaría de Hábitat e Infraestructura, INFITULUA y el apoyo de Centro Aguas, está realizando la canalización del con el fin de ampliar el área hidráulica de transporte. Este proyecto tiene como objetivo evitar obstrucciones en el puente de la Transversal 12 durante futuras crecientes, asegurando un paso más seguro y sin dificultades para todos. 💪

Un esfuerzo conjunto que refleja el compromiso de trabajar por un Tuluá más seguro y preparado para enfrentar cualquier desafío. 🌱#ParaSerFelices 💪🏼💙",81,"11/07/2024 10:10",https://www.instagram.com/reel/DCFDRHbP25_/,"Reel de Instagram",,Total,2484,2090,60,5,12,0,1,
18052855444756584,17841402591799685,alcaldiadetulua,"Alcaldía de Tuluá","¡Por Tuluá corremos todos! 💙💪🏼

🏃‍♀️ Este es el momento de unirnos y hacer historia juntos.🏅 Ven a vivir una experiencia única y demuestra que en Tuluá somos una comunidad unida, llena de energía y pasión.✨ ¡Que nada nos detenga! #PorTuluáCorremosTodos #ParaSerFelices 👟✅",78,"11/08/2024 07:29",https://www.instagram.com/reel/DCHYdZZv3eI/,"Reel de Instagram",,Total,29995,17958,749,213,65,17,14,
18004830638508208,17841402591799685,alcaldiadetulua,"Alcaldía de Tuluá","¡Encuentros con el alcalde! ✅💙🗣️

Bienvenidos a este espacio creado para la comunidad. Hoy hablaremos de diferentes temas e invitaremos a nuestra comunidad tulueña a que corramos todos por Tuluá en la *Media Maratón Tuluá*🏃🏻‍♀️🥇. #ParaSerFelices! 💙",3447,"11/08/2024 10:20",https://www.instagram.com/reel/DCHsZUDPkI9/,"Reel de Instagram",,Total,1301,1194,56,0,3,0,1,
18035043164060619,17841402591799685,alcaldiadetulua,"Alcaldía de Tuluá","¡Atención: Cartel de los más buscados! 🚨💪🏼

La Policía Nacional da a conocer el cartel con 25 delincuentes buscados por delitos graves en nuestro municipio. Si tienes información, denúnciala de forma confidencial. La colaboración de los tulueños es clave para hacer de Tuluá un lugar más seguro. #ParaSerFelices 👮‍♂️✅",49,"11/08/2024 12:59",https://www.instagram.com/reel/DCH-jxfvDLT/,"Reel de Instagram",,Total,3218,3032,78,9,6,5,1,
18047959592013668,17841402591799685,alcaldiadetulua,"Alcaldía de Tuluá","Conoce las noticias más importantes de esta semana en nuestro resumen “45 segundos #ParaSerFelices”💙✅",76,"11/09/2024 11:58",https://www.instagram.com/reel/DCKcV3rPOJi/,"Reel de Instagram",,Total,949,878,52,2,2,0,1,
18016920131637020,17841400356362656,infitulua,"INFITULUÁ E.I.C.E","¡Seguimos realizando obras en Tuluá!🏗🚧

En un trabajo articulado por parte de la @alcaldiadetulua a través de la Secretaría de Hábitat e Infraestructura e Infituluá, se interviene la vía Tuluá-Materas en el kilómetro 7 en el sector del Picacho, donde el equipo técnico identificó un desplazamiento de la banca por las aguas lluvias.

Se realiza intervención con la reposición de tubería y la recompactación de la vía para proteger esta vía, pensando en la comunidad tulueña que día a día usa este importante corredor rural. 

Seguimos realizando obras de infraestructura #Paraserfelices",47,"11/12/2024 06:54",https://www.instagram.com/reel/DCRm1jmp1KH/,"Reel de Instagram",,Total,2872,2447,97,8,4,1,3,4017
17881023657169952,17841407739133684,emtulua,"Emtulua Esp","¡Nos preparamos para la Media Maratón!🏃‍♂️🏆

Desde las Empresas Municipales de Tuluá, en articulación con VEOLIA, estamos realizando una limpieza, lavado y barrido de nuestros parques y calles. ✨💧

Nuestro compromiso es ofrecer un ambiente limpio y acogedor para que corredores y espectadores disfruten al máximo de este gran evento. 

¡Juntos hacemos de Tuluá un lugar Para Ser Felices! 💙",38,"11/12/2024 10:40",https://www.instagram.com/reel/DCSB61fpYZR/,"Reel de Instagram",,Total,,,178,15,8,0,,
17945995466778221,17841402591799685,alcaldiadetulua,"Alcaldía de Tuluá","¡Únete a la Jornada de Embellecimiento de Tuluá!🫧🧹🪥

💪🏽 ¡El gran evento de ciudad está a la vuelta de la esquina! La Media Maratón Tuluá se acerca y queremos que nuestro municipio luzca más hermoso que nunca. 🏃‍♀️🌳 🌟 Este sábado nos reunimos para limpiar y embellecer cada rincón de Tuluá, porque ¡todos somos parte de esta gran fiesta! ¡Tu ayuda es fundamental para dar la mejor cara a los miles de visitantes que tendremos! 👉 Te esperamos el 16 de noviembre desde las 8:00 a. m. para que juntos dejemos a Tuluá impecable. ¡Participa y se parte de esta transformación #ParaSerFelices! 🙌🏽💙",49,"11/12/2024 13:42",https://www.instagram.com/reel/DCSWeM7Pn9U/,"Reel de Instagram",,Total,15042,10276,377,107,31,7,7,
18059653486687381,17841402591799685,alcaldiadetulua,"Alcaldía de Tuluá","¡Jornada de sanidad animal en Barragán!🐂🐴🩺🏥💉

Durante este fin de semana, llegamos a la zona rural con una jornada de salud animal liderado por la Secretaría de Desarrollo Agropecuario y Medio Ambiente, SEDAMA, en trabajo articulado con la Secretaría de Salud.  Continuamos reafirmando el compromiso de trabajar por nuestros animales y llegar a cada rincón de nuestro municipio #ParaSerFelices 💙💪🏼🙌🏼",0,"11/13/2024 09:22",https://www.instagram.com/p/DCUdzdBvt2f/,"Secuencia de Instagram",,Total,1702,1253,62,1,0,2,1,
18469901818040950,17841402591799685,alcaldiadetulua,"Alcaldía de Tuluá","¡Aún puedes ser parte de la Media Maratón Tuluá! 🏃‍♂️🏃‍♀️

Participa en nuestra jornada de limpieza este sábado, toma una foto mientras colaboras y ¡puedes ganar una inscripción gratuita para la carrera! 🧹📸

¡Así de fácil puedes unirte a este gran evento y ser parte de la transformación de Tuluá! 💙

#ParaSerFelices #MediaMaratónTuluá",0,"11/13/2024 17:02",https://www.instagram.com/p/DCVScWivytH/,"Secuencia de Instagram",,Total,7237,4127,140,50,14,5,3,
18027914876396520,17841402591799685,alcaldiadetulua,"Alcaldía de Tuluá","🌱🚜 ¡Este fin de semana, llegamos a la zona rural! 🚜🌱

A través del Departamento de Planeación y con el equipo del SISBÉN, visitamos el corregimiento de Barragán para llevar una jornada descentralizada que benefició directamente a nuestra comunidad. ¡Atendimos a más de 150 personas y realizamos 78 encuestas en campo! 📝✅

Nuestro compromiso es llegar a todos los rincones de Tuluá, asegurando que los tulueños de todos los sectores reciban el apoyo que merecen. 💪 ¡Seguimos trabajando por la Tuluá #ParaSerFelices!💙",59,"11/14/2024 13:13",https://www.instagram.com/reel/DCXbsO9Pfqk/,"Reel de Instagram",,Total,2023,1912,48,4,3,1,,
18031140170459046,17841402591799685,alcaldiadetulua,"Alcaldía de Tuluá","¡Cada vez estamos más cerca del gran día! 🏁 

Este domingo, no te pierdas la oportunidad de ser parte de este evento que pondrá a Tuluá en el mapa. 💙 Únete y apoya a nuestros corredores. Demostremos que la fuerza de los tulueños no tiene límites. 

¡Juntos vamos a hacer historia! 🥇🙌🏼 #PorTuluáCorremosTodos #ParaSerFelices 💙 🏃‍♂️💨",30,"11/14/2024 16:32",https://www.instagram.com/reel/DCXzt1AvJLb/,"Reel de Instagram",,Total,7499,5989,190,30,8,1,,
18030626891587746,17841402591799685,alcaldiadetulua,"Alcaldía de Tuluá","🚍✨ ¡La Central de Transportes de Tuluá te está esperando! ✨🚍

Te invitamos a conocer este gran espacio, una de las Centrales de Transportes más modernas del país, con instalaciones de última generación. ¡Ven y disfruta de un espacio único que no solo es punto de partida, sino también un centro comercial! 🛍️ Disfruta de áreas comunes, salas VIP, restaurantes y un ambiente perfecto para compartir con tu familia y amigos. 🤩

Y si te gustaría hacer parte de este gran espacio, tenemos locales disponibles para ti. ¡No esperes más y visítanos! 🙌 #ParaSerFelices",59,"11/15/2024 07:22",https://www.instagram.com/reel/DCZX_q7P8EX/,"Reel de Instagram",,Total,4107,3461,90,5,6,2,1,
18045497000489234,17841402591799685,alcaldiadetulua,"Alcaldía de Tuluá","¡Encuentros con el Alcalde! 💙✌🏽
Bienvenidos a este espacio donde nuestro alcalde compartió con la @mediamaratontulua e invitó a todos los tulueños a participar y alentar a los corredores este domingo, 17 de noviembre. #ParaSerFelices 🙌🏼",90,"11/15/2024 14:00",https://www.instagram.com/reel/DCaG5NYPFkJ/,"Reel de Instagram",,Total,704,653,32,0,0,0,,
18016469825634323,17841402591799685,alcaldiadetulua,"Alcaldía de Tuluá","¡24 años del Mercado Campesino “Corazón del Valle”! 🎉🌿 

Más de dos décadas llevando lo mejor de la tierra tulueña a tu mesa. Gracias al trabajo de nuestros campesinos y al apoyo del alcalde Gustavo Vélez y SEDAMA, seguimos fortaleciendo nuestra economía local. ¡Este mercado es el corazón de nuestra tradición y esfuerzo! 💚 Ven los martes y viernes, y apoya lo nuestro. 

#MercadoCampesino #ParaSerFelices 💙🤩",38,"11/15/2024 16:09",https://www.instagram.com/reel/DCaVwgpvGjY/,"Reel de Instagram",,Total,2378,1684,31,0,2,0,,
18067346404678432,17841402591799685,alcaldiadetulua,"Alcaldía de Tuluá","¡Así iniciamos la Jornada de embellecimiento por Tuluá! 💪🏽✨ 

Unidos, estamos embelleciendo, limpiando y pintando nuestro municipio para que se vea mejor que nunca. 🌿🎨 Te invitamos a unirte con nosotros, a ser parte de este gran esfuerzo por el bienestar de todos. 
¡Juntos hacemos de Tuluá un lugar más limpio y hermoso! 🏙️💙 #ParaSerFelices #PorAmorATuluá #PorTuluáCorremosTodos",0,"11/16/2024 06:45",https://www.instagram.com/p/DCb6PARPF9M/,"Secuencia de Instagram",,Total,6383,5210,204,13,5,0,,
18069328498713812,17841436811933031,imdertulua,"Imder Tuluá","A Tuluá la embellecemos todos, estamos listos para recibir la MMT 💙🏃🏽‍♂️",40,"11/16/2024 07:19",https://www.instagram.com/reel/DCb95f6uw-a/,"Reel de Instagram",,Total,,,218,6,2,0,,9058
18251808607261388,17841402591799685,alcaldiadetulua,"Alcaldía de Tuluá","¡Tuluá está brillando hoy! ✨💚 

Nos unimos con toda la energía para limpiar y dejar nuestro municipio más bonito. 💪🏼🌍 Gracias a todos los que suman. ¡Somos más los que queremos ver Tuluá limpia y chévere! 😎🙌🏼 Sigamos construyendo un lugar increíble. #ParaSerFelices 💙✅ #PorTuluáCorremosTodos",81,"11/16/2024 08:42",https://www.instagram.com/reel/DCcHKa7PA_s/,"Reel de Instagram",,Total,3025,2807,138,15,9,1,1,
18053922055755754,17841402591799685,alcaldiadetulua,"Alcaldía de Tuluá","¡Gracias por transformar a Tuluá! 🙌💙

A todos los que se unieron a la jornada de limpieza y embellecimiento de nuestro municipio, ¡GRACIAS! 👏 Juntos, con amor y esfuerzo, vamos a recuperar y sacar adelante a Tuluá. 💪✨ ¡Sigamos trabajando por un mejor futuro! #ParaSerFelices. 🌱 #PorTuluáCorremosTodos",0,"11/16/2024 13:35",https://www.instagram.com/p/DCcpG3xP0ok/,"Secuencia de Instagram",,Total,2395,2001,122,3,2,1,,
18052366135784274,17841407739133684,emtulua,"Emtulua Esp","🌟 ¡Tuluá es mi casa, la casa de todos!❤️

Desde Empresas Municipales de Tuluá, nos unimos a la jornada de embellecimiento de nuestro municipio, realizada por la Alcaldía Municipal. Juntos, participamos en la limpieza y transformación del paso nivel de la Calle 25, dándole un nuevo rostro a este emblemático lugar. 🚧✨

Este esfuerzo conjunto refleja el amor y el compromiso que tenemos por nuestra ciudad. Creado un espacio más hermoso y amigable para nuestra comunidad. 🌍💪

¡Juntos sigamos trabajando para hacer de nuestra ciudad un lugar Para Ser Felices! 💚🌿",75,"11/16/2024 14:02",https://www.instagram.com/reel/DCcnjaJp7Ce/,"Reel de Instagram",,Total,,,148,8,13,0,,
18343032013179277,17841402591799685,alcaldiadetulua,"Alcaldía de Tuluá","Revive en nuestro resumen “45 segundos #ParaSerFelices”, las noticias más importantes de la semana.✅🙌🏼",68,"11/16/2024 14:15",https://www.instagram.com/reel/DCctHKuvrQC/,"Reel de Instagram",,Total,1576,1318,41,1,2,0,,
17995723202707260,17841402591799685,alcaldiadetulua,"Alcaldía de Tuluá","¡Todos juntos por Tuluá! ✨🧹🖌️. 

Hoy todos nos unimos para poner nuestro municipio impecable, ¡y con el corazón lleno de orgullo! 💚

Desde barrios hasta parques, pasamos por cada rincón, dejando todo listo para recibir a los miles de participantes de la Media Maratón Tuluá 🏃‍♂️🏃‍♀️. ¡Un evento que pondrá a nuestro municipio en el mapa! 🌍

¡Sigamos trabajando juntos para hacer de Tuluá un lugar más limpio, ordenado #ParaSerFelices! 💪🌱#PorTuluáCorremosTodos",54,"11/16/2024 16:42",https://www.instagram.com/reel/DCc-C29viD4/,"Reel de Instagram",,Total,2793,2231,58,4,1,0,,
18043211447320802,17841402591799685,alcaldiadetulua,"Alcaldía de Tuluá","¡La Media Maratón Tuluá es todo un éxito! 🎉🏃‍♀️🏃‍♂️ 

¡Un evento increíble que unió a nuestra gente y recibió a corredores de todo el país! 🙌💙 Gracias a todos los que hacen parte de este gran día. Es un honor ver a tantas personas disfrutando del deporte en nuestro municipio. 🏅

Y seguimos con la energía al máximo 💥💪, ahora en la premiación  en el Coliseo de Ferias Manuel Victoria Rojas. ¡Tuluá está viva con el deporte! 🚀🌟

#MediaMaratónTuluá #ParaSerFelices #PorTuluáCorremosTodos",59,"11/17/2024 07:17",https://www.instagram.com/reel/DCeiL2LvWbW/,"Reel de Instagram",,Total,6865,5269,310,8,12,1,1,
18154654222331091,17841402591799685,alcaldiadetulua,"Alcaldía de Tuluá","Así se vivió la ExpoFeria de la Media Maratón Tuluá 🏃‍♂️✨ Un evento espectacular lleno de energía, cultura runner y mucho talento local. 🏅🔥

Con diferentes stands de emprendedores, marcas deportivas y todo lo relacionado con el mundo runner, ¡Tuluá brilló este fin de semana! 💥🙌 ¡Y esto es solo el comienzo! 🚀 #ParaSerFelices #MediaMaratónTuluá #PorTuluáCorremosTodos 💙",102,"11/17/2024 10:00",https://www.instagram.com/reel/DCe1GJhvoal/,"Reel de Instagram",,Total,5709,4785,262,4,3,2,,
17899295303999204,17841402591799685,alcaldiadetulua,"Alcaldía de Tuluá","¡Gracias Tuluá, hoy brillaste! 🙌🏽🤩💫

Nuestra ciudad se unió en un solo aliento en la Media Maratón Tuluá, un evento que latió con más de 2200 corazones llenos de resiliencia, amor y respeto 💙💪.
¡Gracias Tuluá!, por demostrar una vez más que juntos podemos lograr grandes cosas🙌🏽

La @mediamaratontulua es más que un evento deportivo, es una celebración de la unión y el espíritu de nuestra comunidad 🏆👏.

#AccionesParaSerFelices #mmt",0,"11/17/2024 12:04",https://www.instagram.com/p/DCfDiu9p3xY/,"Secuencia de Instagram",,Total,10555,9215,774,25,9,8,6,
17964247520700210,17841436811933031,imdertulua,"Imder Tuluá","Les cumplimos a nuestros niños. 💙🏃🏽‍♂️
Con el proyecto “Corriendo hacia un futuro saludable” en cabeza de la Administración Municipal el IMDER Tuluá preparó alrededor de 60 niños para correr en la MMT, los cuales obtuvieron su inscripción y Kits totalmente gratis, seguimos trabajando por el deporte tulueño #ParaSerFelices 💙",0,"11/17/2024 15:31",https://www.instagram.com/p/DCfbO0juKaQ/,"Secuencia de Instagram",,Total,,,344,5,1,0,,
18065579995734891,17841402591799685,alcaldiadetulua,"Alcaldía de Tuluá","¡Así cerramos un fin de semana lleno de experiencias inolvidables! 🙌🏽✨

La Media Maratón Tuluá nos unió en cada paso, latiendo al ritmo del orgullo que sentimos de ser tulueños. 💙💪

Gracias Tuluá, por mostrar al mundo la fuerza de nuestra comunidad. Este es solo el comienzo, porque pronto traeremos más eventos que harán brillar a nuestro municipio #ParaSerFelices 🌟🏅",84,"11/18/2024 09:02",https://www.instagram.com/reel/DChShIFvuHD/,"Reel de Instagram",,Total,9048,7110,777,36,22,8,1,
17976946103789455,17841402591799685,alcaldiadetulua,"Alcaldía de Tuluá","¡Trabajamos con Hechos!✅🙌🏼

Después de años de problemas de malos olores causados por daños en el alcantarillado, y de denuncias de los ciudadanos ante esta situación, hoy, gracias al esfuerzo conjunto de la Administración Municipal del alcalde Gustavo Vélez con otras entidades, este sector está siendo completamente renovado para que los tulueños disfruten de un espacio más limpio, seguro y cómodo #ParaSerFelices 💙 💧✨",49,"11/18/2024 15:01",https://www.instagram.com/reel/DCh8KfgPeRc/,"Reel de Instagram",,Total,2267,1915,57,1,2,0,1,
17945769272871772,17841402591799685,alcaldiadetulua,"Alcaldía de Tuluá","✨ ¡Te invitamos a conocer los Comedores Comunitarios de Tuluá! 🍽️ 

Este programa está pensado para ofrecer una alimentación balanceada a quienes no tienen acceso regular a comida en casa. Si lo necesitas, ¡no dudes en inscribirte y ser parte de este espacio de apoyo para todos! 💙🙌🏼 ¡Es un lugar pensado para los tulueños! #ParaSerFelices #ComedoresComunitarios",0,"11/19/2024 14:02",https://www.instagram.com/p/DCkaoZAPsAg/,"Secuencia de Instagram",,Total,2599,2170,58,6,5,1,,
18039727193111204,17841402591799685,alcaldiadetulua,"Alcaldía de Tuluá","¡La integridad de los tulueños es nuestra prioridad! 🚖✨

Desde el Departamento Administrativo de Movilidad y Seguridad Vial, seguimos comprometidos en ofrecer un servicio de transporte de calidad y seguro para todos los tulueños. Únete a la campaña #TaxiSeguroTulua. Juntos, construimos un futuro más seguro. 💙🙌🏽 #YosoyTaxiSeguro #ParaSerFelices #Taxi",37,"09/30/2024 15:19",https://www.instagram.com/reel/DAjsxVtRGQ9/,"Reel de Instagram",,Total,2274,1756,50,2,2,2,1,
18278357134171627,17841402591799685,alcaldiadetulua,"Alcaldía de Tuluá","Dignificar la vida y la muerte es nuestra prioridad. Desde la Secretaría de Gobierno con el apoyo de Medicina Legal, acompañamos a familias tulueñas en la búsqueda de seres queridos no reclamados, brindando paz y respeto.🙌🏽🤍",0,"10/01/2024 14:08",https://www.instagram.com/p/DAmJeimvCbK/,"Secuencia de Instagram",,Total,5391,4211,158,3,4,5,,
